date,home_team,away_team,home_score,away_score,hc_line,hc_home,hc_away,ou_line,over,under
2018-02-23 10:00:00,Sagan Tosu,Vissel Kobe,1,1,0,2.05,1.87,+2.25,2.1,1.81
2018-02-24 04:00:00,FC Tokyo,Urawa Reds,1,1,+0.5,1.99,1.9300000000000002,+2.5,2.01,1.8900000000000001
2018-02-24 04:00:00,Sanfrecce Hiroshima,Hokkaido Consadole Sapporo,1,0,-0.25,1.85,2.08,+2.25,1.96,1.94
2018-02-24 04:30:00,Gamba Osaka,Nagoya Grampus,2,3,-0.25,1.87,2.05,+2.75,1.9,2.0
2018-02-24 06:00:00,Shonan Bellmare,V-Varen Nagasaki,2,1,-0.25,1.97,1.95,+2,2.06,1.8399999999999999
2018-02-25 03:00:00,Shimizu S-Pulse,Kashima Antlers,0,0,+0.75,2.01,1.9100000000000001,+2.75,1.95,1.95
2018-02-25 03:00:00,Vegalta Sendai,Kashiwa Reysol,1,0,+0.5,1.8900000000000001,2.0300000000000002,+2.5,2.01,1.8900000000000001
2018-02-25 05:30:00,Iwata,Kawasaki Frontale,0,3,+0.25,1.98,1.94,+2.5,2.0300000000000002,1.87
2018-02-25 06:00:00,Cerezo Osaka,Yokohama F. Marinos,1,1,-0.75,2.04,1.88,+2.25,1.9,2.0
2018-03-02 09:00:00,Kawasaki Frontale,Shonan Bellmare,1,1,-1.25,1.95,1.97,+2.75,1.94,1.96
2018-03-02 09:00:00,Cerezo Osaka,Hokkaido Consadole Sapporo,3,3,-0.75,1.8900000000000001,2.0300000000000002,+2.25,1.92,1.98
2018-03-02 09:30:00,Kashiwa Reysol,Yokohama F. Marinos,2,0,-0.5,2.02,1.9,+2.25,1.95,1.95
2018-03-03 04:00:00,Nagoya Grampus,Iwata,1,0,+0.25,1.9100000000000001,2.01,+2.75,1.94,1.96
2018-03-03 05:00:00,FC Tokyo,Vegalta Sendai,0,1,-0.25,1.88,2.04,+2.25,2.06,1.8399999999999999
2018-03-03 06:00:00,Vissel Kobe,Shimizu S-Pulse,2,4,-0.25,1.85,2.08,+2.25,1.83,2.08
2018-03-03 06:00:00,Kashima Antlers,Gamba Osaka,1,0,-1,1.99,1.9300000000000002,+2.75,1.95,1.95
2018-03-03 09:00:00,V-Varen Nagasaki,Sagan Tosu,2,2,0,2.0300000000000002,1.8900000000000001,+2,2.02,1.88
2018-03-04 06:00:00,Urawa Reds,Sanfrecce Hiroshima,1,2,-0.75,1.99,1.9300000000000002,+2.5,1.9300000000000002,1.97
2018-03-10 03:00:00,Yokohama F. Marinos,Sagan Tosu,1,2,-0.25,2.09,1.83,+2.25,1.85,2.05
2018-03-10 03:00:00,Kawasaki Frontale,Gamba Osaka,2,0,-1,1.83,2.09,+2.75,1.88,2.02
2018-03-10 04:00:00,Vegalta Sendai,Vissel Kobe,1,1,-0.25,2.1,1.83,+2.5,2.08,1.83
2018-03-10 04:00:00,V-Varen Nagasaki,Urawa Reds,1,1,+0.75,2.0,1.92,+2.25,1.83,2.08
2018-03-10 05:00:00,Iwata,FC Tokyo,2,0,0,1.88,2.04,+2.25,2.0300000000000002,1.87
2018-03-10 05:00:00,Kashiwa Reysol,Cerezo Osaka,1,1,0,1.81,2.13,+2.5,2.02,1.88
2018-03-10 05:00:00,Kashima Antlers,Sanfrecce Hiroshima,0,1,-0.5,1.8900000000000001,2.0300000000000002,+2.5,2.0300000000000002,1.87
2018-03-10 09:00:00,Hokkaido Consadole Sapporo,Shimizu S-Pulse,1,3,-0.25,2.01,1.9100000000000001,+2.25,1.94,1.96
2018-03-11 06:00:00,Shonan Bellmare,Nagoya Grampus,0,0,0,1.97,1.95,+2.5,1.9100000000000001,1.99
2018-03-18 04:00:00,Shimizu S-Pulse,Vegalta Sendai,1,1,0,1.85,2.0700000000000003,+2.25,1.87,2.0300000000000002
2018-03-18 04:00:00,Hokkaido Consadole Sapporo,V-Varen Nagasaki,2,1,-0.5,2.02,1.9,+2.25,1.97,1.9300000000000002
2018-03-18 05:00:00,Gamba Osaka,Kashiwa Reysol,2,2,+0.25,1.96,1.96,+2.25,1.83,2.0700000000000003
2018-03-18 05:00:00,FC Tokyo,Shonan Bellmare,1,0,-0.25,2.01,1.9100000000000001,+2,1.8399999999999999,2.06
2018-03-18 06:00:00,Vissel Kobe,Cerezo Osaka,2,0,+0.25,2.04,1.88,+2.5,1.9100000000000001,1.99
2018-03-18 06:00:00,Sanfrecce Hiroshima,Iwata,0,0,-0.25,1.8399999999999999,2.09,+2.25,1.95,1.95
2018-03-18 06:00:00,Urawa Reds,Yokohama F. Marinos,0,1,-0.75,1.83,2.1,+2.75,1.97,1.9300000000000002
2018-03-18 06:00:00,Sagan Tosu,Kashima Antlers,0,1,+0.5,1.9300000000000002,1.99,+2.25,1.9100000000000001,1.99
2018-03-18 09:00:00,Nagoya Grampus,Kawasaki Frontale,0,1,+0.75,2.09,1.8399999999999999,+3,2.0300000000000002,1.87
2018-03-30 10:30:00,Kashiwa Reysol,Vissel Kobe,2,1,-0.5,1.8599999999999999,2.06,+2.5,1.98,1.92
2018-03-31 05:00:00,Shimizu S-Pulse,Yokohama F. Marinos,0,1,0,1.9300000000000002,2.0,+2.25,1.94,1.96
2018-03-31 05:00:00,Vegalta Sendai,V-Varen Nagasaki,1,0,-0.75,1.96,1.96,+2.25,2.02,1.88
2018-03-31 06:00:00,Kashima Antlers,Hokkaido Consadole Sapporo,0,0,-1,2.01,1.9100000000000001,+2.5,2.0,1.9
2018-03-31 06:00:00,FC Tokyo,Gamba Osaka,3,2,-0.5,2.0300000000000002,1.8900000000000001,+2.25,1.94,1.96
2018-03-31 07:00:00,Kawasaki Frontale,Sanfrecce Hiroshima,0,1,-0.5,1.87,2.05,+2.5,1.97,1.9300000000000002
2018-03-31 10:00:00,Sagan Tosu,Nagoya Grampus,3,2,-0.5,2.04,1.88,+2.5,2.06,1.8399999999999999
2018-03-31 10:00:00,Cerezo Osaka,Shonan Bellmare,2,1,-0.75,1.81,2.12,+2.5,2.0700000000000003,1.83
2018-04-01 06:00:00,Iwata,Urawa Reds,2,1,+0.5,1.83,2.09,+2.25,2.0,1.9
2018-04-07 05:00:00,Hokkaido Consadole Sapporo,Nagoya Grampus,3,0,-0.5,1.8599999999999999,2.06,+2.75,1.97,1.9300000000000002
2018-04-07 06:00:00,Cerezo Osaka,Sagan Tosu,2,1,-0.5,1.8900000000000001,2.0300000000000002,+2.5,1.9300000000000002,1.97
2018-04-07 06:00:00,Iwata,Shimizu S-Pulse,0,0,-0.25,1.96,1.96,+2.25,1.88,2.02
2018-04-07 07:00:00,Urawa Reds,Vegalta Sendai,1,0,-0.75,1.98,1.94,+2.5,1.9,2.0
2018-04-07 10:00:00,Shonan Bellmare,Kashima Antlers,2,1,+0.75,2.0,1.92,+2.25,1.85,2.05
2018-04-08 05:00:00,V-Varen Nagasaki,FC Tokyo,2,5,+0.25,2.0700000000000003,1.85,+2.25,2.06,1.8399999999999999
2018-04-08 06:00:00,Kashiwa Reysol,Sanfrecce Hiroshima,0,1,-0.5,2.1,1.83,+2.25,1.87,2.0300000000000002
2018-04-08 06:00:00,Gamba Osaka,Vissel Kobe,0,1,+0.25,1.8900000000000001,2.0300000000000002,+2.5,2.05,1.85
2018-04-08 07:00:00,Yokohama F. Marinos,Kawasaki Frontale,1,1,+0.5,1.99,1.9300000000000002,+2.5,2.06,1.85
2018-04-11 10:00:00,Nagoya Grampus,Vegalta Sendai,2,3,+0.25,1.9300000000000002,1.99,+2.5,1.9300000000000002,1.97
2018-04-11 10:00:00,Shimizu S-Pulse,V-Varen Nagasaki,0,1,-0.5,1.9300000000000002,1.99,+2.25,2.02,1.88
2018-04-11 10:00:00,Gamba Osaka,Iwata,2,0,0,2.0,1.92,+2.25,1.87,2.0300000000000002
2018-04-11 10:00:00,Sanfrecce Hiroshima,Yokohama F. Marinos,3,1,-0.25,1.9100000000000001,2.01,+2.25,1.8399999999999999,2.06
2018-04-11 10:00:00,FC Tokyo,Kashima Antlers,2,1,0,2.09,1.83,+2.25,1.96,1.94
2018-04-11 10:00:00,Hokkaido Consadole Sapporo,Shonan Bellmare,1,0,-0.75,2.0300000000000002,1.8900000000000001,+2.25,1.9300000000000002,1.97
2018-04-11 10:00:00,Kawasaki Frontale,Cerezo Osaka,1,2,-0.5,1.95,1.97,+2.75,1.97,1.9300000000000002
2018-04-11 10:00:00,Vissel Kobe,Urawa Reds,2,3,+0.25,1.88,2.04,+2.5,1.8900000000000001,2.01
2018-04-14 05:00:00,Kashima Antlers,Nagoya Grampus,2,0,-1.25,2.0300000000000002,1.8900000000000001,+2.75,1.88,2.01
2018-04-14 05:00:00,Kashiwa Reysol,Hokkaido Consadole Sapporo,1,2,-0.5,2.0,1.92,+2.25,1.9,2.0
2018-04-14 05:00:00,V-Varen Nagasaki,Gamba Osaka,3,0,+0.25,1.81,2.13,+2.5,2.0,1.9
2018-04-14 06:00:00,Cerezo Osaka,FC Tokyo,1,0,-0.5,2.08,1.85,+2.5,2.0,1.9
2018-04-14 10:00:00,Vegalta Sendai,Kawasaki Frontale,0,0,+0.5,2.01,1.9100000000000001,+2.5,1.99,1.9100000000000001
2018-04-15 05:00:00,Yokohama F. Marinos,Vissel Kobe,1,2,-0.25,2.0300000000000002,1.8900000000000001,+2.5,1.9300000000000002,1.97
2018-04-15 06:00:00,Iwata,Sagan Tosu,1,0,-0.25,1.9300000000000002,1.98,+2.25,2.0,1.9
2018-04-15 07:00:00,Urawa Reds,Shimizu S-Pulse,2,1,-0.75,1.9100000000000001,2.01,+2.5,1.9,2.0
2018-04-15 07:00:00,Shonan Bellmare,Sanfrecce Hiroshima,0,2,+0.75,1.94,1.98,+2.25,1.87,2.0300000000000002
2018-04-21 04:00:00,Shimizu S-Pulse,FC Tokyo,0,1,+0.25,1.9100000000000001,2.01,+2.25,2.09,1.8199999999999998
2018-04-21 05:00:00,Vegalta Sendai,Iwata,0,3,-0.25,2.13,1.81,+2.25,2.04,1.8599999999999999
2018-04-21 05:00:00,Sanfrecce Hiroshima,Sagan Tosu,1,0,-0.5,2.0300000000000002,1.88,+2.25,1.99,1.9100000000000001
2018-04-21 07:00:00,Yokohama F. Marinos,Shonan Bellmare,4,4,-0.5,1.95,1.97,+2.5,1.96,1.94
2018-04-21 07:00:00,Vissel Kobe,Nagoya Grampus,3,0,-0.5,1.85,2.0700000000000003,+2.75,1.8399999999999999,2.06
2018-04-21 07:00:00,Urawa Reds,Hokkaido Consadole Sapporo,0,0,-0.5,2.0,1.92,+2.75,2.04,1.8599999999999999
2018-04-21 07:00:00,Kawasaki Frontale,Kashima Antlers,4,1,-0.25,1.8599999999999999,2.0700000000000003,+2.25,1.83,2.0700000000000003
2018-04-21 10:00:00,Gamba Osaka,Cerezo Osaka,1,0,+0.5,1.8599999999999999,2.06,+2.75,2.0300000000000002,1.87
2018-04-22 07:00:00,V-Varen Nagasaki,Kashiwa Reysol,1,0,+0.5,2.01,1.9100000000000001,+2.25,1.9,2.0
2018-04-25 10:00:00,Nagoya Grampus,Shimizu S-Pulse,1,3,+0.25,1.81,2.13,+2.75,2.04,1.8599999999999999
2018-04-25 10:00:00,Shonan Bellmare,Gamba Osaka,1,0,0,1.9300000000000002,2.0,+2.5,1.99,1.92
2018-04-25 10:00:00,Sagan Tosu,Kawasaki Frontale,0,2,+0.5,2.0,1.92,+2.5,2.04,1.85
2018-04-25 10:00:00,Iwata,V-Varen Nagasaki,1,2,-0.5,1.95,1.97,+2,1.81,2.1
2018-04-25 10:00:00,Kashima Antlers,Vissel Kobe,1,1,-0.5,2.02,1.9,+2.5,1.95,1.95
2018-04-25 10:00:00,Hokkaido Consadole Sapporo,Yokohama F. Marinos,2,1,-0.5,1.94,1.97,+2.75,1.95,1.94
2018-04-25 10:00:00,FC Tokyo,Sanfrecce Hiroshima,3,1,0,1.87,2.05,+2,1.8,2.1100000000000003
2018-04-25 10:00:00,Cerezo Osaka,Vegalta Sendai,2,1,-0.5,1.87,2.05,+2.5,1.96,1.94
2018-04-25 10:00:00,Kashiwa Reysol,Urawa Reds,1,0,0,1.97,1.95,+2.25,1.88,2.02
2018-04-28 04:00:00,V-Varen Nagasaki,Sanfrecce Hiroshima,0,2,+0.5,1.8399999999999999,2.09,+2.25,2.0,1.9
2018-04-28 05:00:00,Vegalta Sendai,Hokkaido Consadole Sapporo,2,2,+0.25,1.81,2.12,+2.25,1.8599999999999999,2.04
2018-04-28 05:00:00,Shimizu S-Pulse,Kashiwa Reysol,2,1,+0.5,1.9300000000000002,1.99,+2.25,1.97,1.9300000000000002
2018-04-28 06:00:00,FC Tokyo,Nagoya Grampus,3,2,-0.75,2.01,1.9100000000000001,+2.75,1.8599999999999999,2.04
2018-04-28 06:00:00,Iwata,Cerezo Osaka,1,1,+0.25,2.04,1.88,+2.25,1.88,2.02
2018-04-28 07:00:00,Vissel Kobe,Kawasaki Frontale,1,2,+0.5,2.02,1.9,+2.5,1.9,2.0
2018-04-28 07:00:00,Urawa Reds,Shonan Bellmare,0,1,-1,1.99,1.9300000000000002,+2.75,2.04,1.8599999999999999
2018-04-28 10:00:00,Yokohama F. Marinos,Kashima Antlers,3,0,+0.5,1.98,1.94,+2.75,1.9300000000000002,1.97
2018-04-29 07:00:00,Gamba Osaka,Sagan Tosu,3,0,0,1.9300000000000002,1.99,+2.25,1.88,2.02
2018-05-02 10:00:00,Gamba Osaka,Vegalta Sendai,1,0,-0.25,2.0700000000000003,1.85,+2.5,1.8900000000000001,2.01
2018-05-02 10:00:00,Shonan Bellmare,Kashiwa Reysol,1,2,+0.5,2.06,1.87,+2.25,1.88,2.02
2018-05-02 10:00:00,Kawasaki Frontale,Urawa Reds,0,2,-0.25,1.9,2.02,+2.5,1.92,1.98
2018-05-02 10:00:00,Yokohama F. Marinos,Iwata,1,3,0,1.85,2.0700000000000003,+2.5,1.9,2.0
2018-05-02 10:00:00,Kashima Antlers,V-Varen Nagasaki,2,1,-1,1.95,1.97,+2.5,1.97,1.9300000000000002
2018-05-02 10:00:00,Vissel Kobe,FC Tokyo,0,0,0,2.01,1.9100000000000001,+2.5,1.94,1.95
2018-05-02 10:00:00,Nagoya Grampus,Cerezo Osaka,0,0,+0.75,1.88,2.04,+3,2.02,1.88
2018-05-02 10:30:00,Sanfrecce Hiroshima,Shimizu S-Pulse,2,0,-0.5,1.8900000000000001,2.0300000000000002,+2.25,1.83,2.0700000000000003
2018-05-02 11:00:00,Sagan Tosu,Hokkaido Consadole Sapporo,1,2,-0.25,2.15,1.79,+2.25,1.97,1.9300000000000002
2018-05-05 05:00:00,Kawasaki Frontale,FC Tokyo,0,2,-0.25,1.99,1.9100000000000001,+2.25,1.94,1.94
2018-05-05 05:00:00,Hokkaido Consadole Sapporo,Gamba Osaka,2,0,-0.25,1.83,2.08,+2.5,1.85,2.0300000000000002
2018-05-05 05:00:00,Kashiwa Reysol,Iwata,1,2,-0.5,1.97,1.9300000000000002,+2.25,2.08,1.81
2018-05-05 06:00:00,Cerezo Osaka,V-Varen Nagasaki,3,1,-0.75,1.9300000000000002,1.97,+2.5,1.9100000000000001,1.97
2018-05-05 08:00:00,Kashima Antlers,Urawa Reds,1,0,0,1.8,2.1100000000000003,+2.25,1.9,1.98
2018-05-05 10:00:00,Nagoya Grampus,Yokohama F. Marinos,1,1,+0.25,1.83,2.08,+3,1.99,1.8900000000000001
2018-05-06 06:00:00,Sagan Tosu,Shimizu S-Pulse,3,1,0,1.9300000000000002,1.97,+2.25,2.04,1.8399999999999999
2018-05-06 07:00:00,Shonan Bellmare,Vegalta Sendai,1,3,+0.25,1.83,2.08,+2.25,1.9300000000000002,1.95
2018-05-06 08:00:00,Sanfrecce Hiroshima,Vissel Kobe,2,0,-0.5,1.9300000000000002,1.97,+2.25,1.88,2.0
2018-05-12 05:00:00,Shimizu S-Pulse,Shonan Bellmare,4,2,-0.25,1.85,2.05,+2.25,1.8599999999999999,2.02
2018-05-12 05:00:00,Iwata,Vissel Kobe,0,2,-0.25,2.05,1.85,+2.25,1.92,1.96
2018-05-12 05:00:00,V-Varen Nagasaki,Nagoya Grampus,3,0,-0.25,2.02,1.88,+2.5,1.85,2.04
2018-05-12 06:00:00,Kashiwa Reysol,Kawasaki Frontale,1,2,+0.25,1.8199999999999998,2.09,+2.5,1.98,1.9
2018-05-12 07:00:00,Vegalta Sendai,Sanfrecce Hiroshima,1,3,+0.25,1.96,1.9300000000000002,+2.25,1.88,2.0
2018-05-12 10:00:00,Yokohama F. Marinos,Gamba Osaka,1,1,-0.25,2.09,1.81,+3,2.0300000000000002,1.85
2018-05-13 05:00:00,Urawa Reds,Sagan Tosu,0,0,-0.75,1.8900000000000001,2.0,+2.5,1.95,1.9300000000000002
2018-05-13 07:00:00,FC Tokyo,Hokkaido Consadole Sapporo,0,0,-0.5,2.08,1.8199999999999998,+2.5,2.02,1.85
2018-05-19 05:00:00,Yokohama F. Marinos,V-Varen Nagasaki,5,2,-0.5,2.05,1.85,+2.75,1.99,1.8900000000000001
2018-05-19 05:00:00,Gamba Osaka,Urawa Reds,0,0,+0.5,1.85,2.04,+2.5,1.94,1.94
2018-05-19 10:00:00,Shonan Bellmare,Iwata,1,0,+0.25,1.92,1.98,+2,1.81,2.08
2018-05-20 05:00:00,Nagoya Grampus,Kashiwa Reysol,2,3,+0.75,1.9300000000000002,1.98,+2.75,1.83,2.05
2018-05-20 05:00:00,Kashima Antlers,Vegalta Sendai,1,2,-0.75,2.05,1.85,+2.5,2.0700000000000003,1.81
2018-05-20 06:00:00,Sagan Tosu,FC Tokyo,0,0,0,2.06,1.8399999999999999,+2.25,2.02,1.8599999999999999
2018-05-20 06:00:00,Kawasaki Frontale,Shimizu S-Pulse,3,0,-0.75,1.8599999999999999,2.04,+2.75,1.95,1.9300000000000002
2018-05-20 07:00:00,Sanfrecce Hiroshima,Cerezo Osaka,0,2,0,1.79,2.12,+2.5,2.05,1.83
2018-05-20 08:00:00,Vissel Kobe,Hokkaido Consadole Sapporo,4,0,-0.25,2.0,1.9,+2.5,2.04,1.8399999999999999
2018-07-18 10:00:00,V-Varen Nagasaki,Vissel Kobe,0,1,+0.25,1.9,2.0,+2.5,2.05,1.83
2018-07-18 10:00:00,Shonan Bellmare,Sagan Tosu,1,1,0,2.08,1.83,+2.25,2.04,1.8399999999999999
2018-07-18 10:00:00,Shimizu S-Pulse,Cerezo Osaka,3,0,+0.25,2.1,1.81,+2.5,1.98,1.9
2018-07-18 10:00:00,Sanfrecce Hiroshima,Gamba Osaka,4,0,-0.5,1.92,1.98,+2.5,1.81,2.0700000000000003
2018-07-18 10:00:00,Kashiwa Reysol,FC Tokyo,0,1,-0.5,1.98,1.92,+2.25,1.9,1.98
2018-07-18 10:00:00,Iwata,Kashima Antlers,3,3,0,1.97,1.9300000000000002,+2.25,1.87,2.01
2018-07-18 10:00:00,Hokkaido Consadole Sapporo,Kawasaki Frontale,1,2,+0.5,1.8199999999999998,2.09,+2.5,1.8399999999999999,2.04
2018-07-18 10:00:00,Vegalta Sendai,Yokohama F. Marinos,2,8,0,1.8399999999999999,2.06,+2.75,1.98,1.9
2018-07-18 10:30:00,Urawa Reds,Nagoya Grampus,3,1,-1.25,2.1,1.81,+3,1.9300000000000002,1.94
2018-07-22 09:00:00,Vissel Kobe,Shonan Bellmare,0,3,-0.5,1.85,2.06,+2.5,1.8599999999999999,2.02
2018-07-22 09:00:00,Nagoya Grampus,Sanfrecce Hiroshima,0,0,+0.75,1.9100000000000001,1.99,+3,2.0700000000000003,1.81
2018-07-22 09:30:00,Kashima Antlers,Kashiwa Reysol,6,2,-0.25,2.01,1.8900000000000001,+2.5,1.98,1.9
2018-07-22 10:00:00,Kawasaki Frontale,V-Varen Nagasaki,1,0,-1.25,1.83,2.0700000000000003,+3,2.02,1.8599999999999999
2018-07-22 10:00:00,Hokkaido Consadole Sapporo,Iwata,0,0,0,1.83,2.08,+2.5,1.96,1.92
2018-07-22 10:00:00,Gamba Osaka,Shimizu S-Pulse,1,2,0,1.9300000000000002,1.97,+2.5,1.92,1.96
2018-07-22 10:00:00,Cerezo Osaka,Urawa Reds,1,1,0,1.88,2.01,+2.5,1.9100000000000001,1.97
2018-07-22 10:00:00,Sagan Tosu,Vegalta Sendai,0,1,-0.25,2.0700000000000003,1.83,+2.25,1.8399999999999999,2.04
2018-07-25 10:00:00,Cerezo Osaka,Kashima Antlers,0,2,+0.25,1.81,2.1,+2.5,1.85,2.0300000000000002
2018-07-27 10:00:00,FC Tokyo,V-Varen Nagasaki,0,1,-1,2.0,1.9,+2.5,2.0700000000000003,1.8199999999999998
2018-07-28 10:00:00,Gamba Osaka,Kashima Antlers,1,1,+0.25,2.04,1.8599999999999999,+2.75,1.94,1.9300000000000002
2018-07-28 10:00:00,Sagan Tosu,Iwata,0,0,-0.25,2.04,1.8599999999999999,+2.25,1.98,1.9
2018-07-28 10:00:00,Vissel Kobe,Kashiwa Reysol,1,0,0,1.85,2.05,+2.5,1.83,2.06
2018-07-28 10:00:00,Vegalta Sendai,Cerezo Osaka,2,2,+0.25,1.81,2.1100000000000003,+2.5,1.88,2.0
2018-07-28 10:00:00,Sanfrecce Hiroshima,Urawa Reds,1,4,0,1.81,2.1,+2.5,1.96,1.9300000000000002
2018-08-01 10:00:00,Vegalta Sendai,Nagoya Grampus,1,2,-0.75,2.06,1.8399999999999999,+3,1.94,1.94
2018-08-01 10:00:00,V-Varen Nagasaki,Hokkaido Consadole Sapporo,2,3,+0.25,1.8199999999999998,2.09,+2.25,1.81,2.0700000000000003
2018-08-01 10:00:00,Urawa Reds,Kawasaki Frontale,2,0,+0.25,1.92,1.98,+2.5,1.8199999999999998,2.06
2018-08-01 10:00:00,Shimizu S-Pulse,Sagan Tosu,1,0,0,1.83,2.08,+2.25,1.88,2.0
2018-08-01 10:00:00,Kashima Antlers,FC Tokyo,1,2,-0.25,2.0,1.9,+2.5,2.0300000000000002,1.85
2018-08-01 10:00:00,Iwata,Gamba Osaka,1,1,-0.25,1.85,2.05,+2.5,1.92,1.96
2018-08-01 10:00:00,Cerezo Osaka,Vissel Kobe,1,1,-0.5,1.9300000000000002,1.97,+2.5,1.83,2.05
2018-08-01 10:30:00,Yokohama F. Marinos,Sanfrecce Hiroshima,1,4,0,1.94,1.96,+3,1.99,1.8900000000000001
2018-08-01 10:30:00,Kashiwa Reysol,Shonan Bellmare,0,2,-0.5,1.8599999999999999,2.04,+2.5,1.88,2.0
2018-08-05 05:00:00,Hokkaido Consadole Sapporo,Kashiwa Reysol,1,2,-0.25,1.99,1.9100000000000001,+2.5,1.9,1.98
2018-08-05 09:00:00,Nagoya Grampus,Gamba Osaka,3,2,0,2.1100000000000003,1.8,+3,1.99,1.8900000000000001
2018-08-05 09:30:00,Kashima Antlers,Shimizu S-Pulse,1,0,-0.25,1.8399999999999999,2.0700000000000003,+2.5,1.88,2.01
2018-08-05 10:00:00,Urawa Reds,V-Varen Nagasaki,0,0,-0.75,1.81,2.09,+2.5,1.88,2.0
2018-08-05 10:00:00,Sanfrecce Hiroshima,Shonan Bellmare,2,2,-1,2.02,1.88,+2.5,1.8599999999999999,2.02
2018-08-05 10:00:00,Sagan Tosu,Cerezo Osaka,1,0,0,2.01,1.8900000000000001,+2.5,2.0700000000000003,1.81
2018-08-05 10:00:00,Kawasaki Frontale,Yokohama F. Marinos,2,0,-1,2.02,1.88,+3.25,2.0300000000000002,1.85
2018-08-05 10:00:00,Iwata,Vegalta Sendai,3,2,-0.25,2.09,1.8199999999999998,+2.5,2.0300000000000002,1.85
2018-08-05 10:00:00,FC Tokyo,Vissel Kobe,1,0,-0.5,1.8599999999999999,2.04,+2.5,2.04,1.8399999999999999
2018-08-10 10:00:00,Gamba Osaka,FC Tokyo,2,1,+0.25,2.08,1.83,+2.5,1.99,1.8900000000000001
2018-08-11 04:00:00,Hokkaido Consadole Sapporo,Cerezo Osaka,1,1,0,2.04,1.8599999999999999,+2.75,2.0,1.88
2018-08-11 09:00:00,Shimizu S-Pulse,Kawasaki Frontale,1,2,+0.5,1.95,1.95,+2.5,1.94,1.9300000000000002
2018-08-11 09:00:00,Nagoya Grampus,Kashima Antlers,4,2,+0.5,1.96,1.94,+2.75,1.83,2.06
2018-08-11 10:00:00,Vissel Kobe,Iwata,2,1,-0.5,2.01,1.8900000000000001,+2.25,1.81,2.0700000000000003
2018-08-11 10:00:00,Shonan Bellmare,Yokohama F. Marinos,0,1,+0.25,2.0300000000000002,1.87,+3,2.0700000000000003,1.8199999999999998
2018-08-11 10:00:00,Sanfrecce Hiroshima,V-Varen Nagasaki,2,0,-1,2.0700000000000003,1.83,+2.5,1.8599999999999999,2.02
2018-08-11 10:00:00,Sagan Tosu,Urawa Reds,1,0,+0.25,1.88,2.02,+2.25,2.04,1.85
2018-08-11 10:00:00,Kashiwa Reysol,Vegalta Sendai,0,2,-0.5,2.0300000000000002,1.87,+2.75,1.98,1.9
2018-08-15 10:00:00,Vissel Kobe,Sanfrecce Hiroshima,1,1,-0.25,2.1100000000000003,1.8,+2.5,1.92,1.96
2018-08-15 10:00:00,Vegalta Sendai,Shonan Bellmare,4,1,-0.5,2.01,1.8900000000000001,+2.75,2.05,1.83
2018-08-15 10:00:00,V-Varen Nagasaki,Kashima Antlers,1,2,+0.25,1.96,1.94,+2.5,1.97,1.9100000000000001
2018-08-15 10:00:00,Urawa Reds,Iwata,4,0,-0.75,2.09,1.8199999999999998,+2.5,2.05,1.83
2018-08-15 10:00:00,Kawasaki Frontale,Sagan Tosu,0,0,-1,1.94,1.96,+2.5,1.8599999999999999,2.02
2018-08-15 10:00:00,Gamba Osaka,Hokkaido Consadole Sapporo,1,1,0,2.04,1.8599999999999999,+2.75,1.8599999999999999,2.02
2018-08-15 10:00:00,FC Tokyo,Kashiwa Reysol,0,1,-0.5,2.06,1.8399999999999999,+2.5,1.88,2.0
2018-08-15 10:00:00,Cerezo Osaka,Shimizu S-Pulse,3,1,-0.5,1.9100000000000001,1.99,+2.5,2.0700000000000003,1.81
2018-08-15 10:30:00,Yokohama F. Marinos,Nagoya Grampus,1,2,-0.5,1.95,1.95,+3.25,1.92,1.97
2018-08-19 04:00:00,Hokkaido Consadole Sapporo,FC Tokyo,3,2,+0.25,1.8900000000000001,2.01,+2.5,2.0300000000000002,1.85
2018-08-19 09:00:00,Shimizu S-Pulse,Urawa Reds,3,3,+0.25,2.0700000000000003,1.8399999999999999,+2.5,1.99,1.88
2018-08-19 09:00:00,Nagoya Grampus,Sagan Tosu,3,0,0,2.0,1.9,+2.5,1.9,1.98
2018-08-19 09:00:00,V-Varen Nagasaki,Cerezo Osaka,0,2,+0.5,1.97,1.9300000000000002,+2.5,1.94,1.94
2018-08-19 09:30:00,Kashima Antlers,Yokohama F. Marinos,1,0,-0.5,1.96,1.9300000000000002,+3,1.92,1.96
2018-08-19 10:00:00,Vegalta Sendai,Gamba Osaka,2,1,-0.25,1.83,2.0700000000000003,+2.75,1.8199999999999998,2.06
2018-08-19 10:00:00,Shonan Bellmare,Vissel Kobe,0,2,+0.5,1.8900000000000001,2.01,+2.5,1.8900000000000001,1.99
2018-08-19 10:00:00,Sanfrecce Hiroshima,Kawasaki Frontale,1,2,+0.25,1.79,2.12,+2.5,1.8599999999999999,2.02
2018-08-19 10:00:00,Iwata,Kashiwa Reysol,2,0,+0.25,2.0,1.9,+2.5,1.96,1.92
2018-08-24 10:00:00,Kashima Antlers,Iwata,1,1,-0.5,1.92,1.98,+2.5,1.92,1.96
2018-08-25 10:00:00,Shimizu S-Pulse,Hokkaido Consadole Sapporo,1,2,-0.25,1.8599999999999999,2.04,+2.5,1.92,1.97
2018-08-25 10:00:00,Kawasaki Frontale,Vegalta Sendai,1,0,-1.25,2.0,1.9,+3,1.97,1.92
2018-08-25 10:00:00,Kashiwa Reysol,V-Varen Nagasaki,5,1,-0.75,1.9300000000000002,1.96,+2.5,1.98,1.9
2018-08-25 10:00:00,Cerezo Osaka,Sanfrecce Hiroshima,0,1,0,1.88,2.02,+2.5,1.9300000000000002,1.95
2018-08-26 09:00:00,Vissel Kobe,Yokohama F. Marinos,0,2,-0.75,2.06,1.85,+3,2.0300000000000002,1.85
2018-08-26 09:00:00,Nagoya Grampus,Urawa Reds,4,1,+0.5,1.9100000000000001,1.99,+2.75,1.8199999999999998,2.0700000000000003
2018-08-26 10:00:00,Shonan Bellmare,FC Tokyo,0,0,+0.5,2.08,1.83,+2.25,1.8900000000000001,1.99
2018-08-26 10:00:00,Sagan Tosu,Gamba Osaka,3,0,-0.25,2.0300000000000002,1.87,+2.5,2.0700000000000003,1.8199999999999998
2018-08-29 10:30:00,Yokohama F. Marinos,Shimizu S-Pulse,1,2,0,1.98,1.9300000000000002,+2.75,1.9300000000000002,1.96
2018-08-31 10:00:00,V-Varen Nagasaki,Shonan Bellmare,1,3,0,1.8599999999999999,2.04,+2.25,1.99,1.8900000000000001
2018-09-01 05:00:00,Hokkaido Consadole Sapporo,Vissel Kobe,3,1,+0.25,1.85,2.05,+2.75,2.06,1.8199999999999998
2018-09-01 09:30:00,Yokohama F. Marinos,Kashiwa Reysol,3,1,+0.25,1.87,2.0300000000000002,+3,1.9300000000000002,1.95
2018-09-01 10:00:00,Iwata,Nagoya Grampus,1,6,0,1.9100000000000001,1.99,+2.75,1.8900000000000001,1.99
2018-09-01 10:00:00,Gamba Osaka,Kawasaki Frontale,2,0,+1,1.98,1.92,+2.75,1.88,2.0
2018-09-01 10:00:00,Sanfrecce Hiroshima,Kashima Antlers,3,1,-0.25,2.02,1.88,+2.5,1.9300000000000002,1.96
2018-09-01 10:00:00,Vegalta Sendai,Shimizu S-Pulse,2,1,0,1.83,2.08,+2.75,1.99,1.88
2018-09-01 10:00:00,Urawa Reds,Cerezo Osaka,1,2,-0.25,1.97,1.9300000000000002,+2.5,1.8900000000000001,1.99
2018-09-02 10:00:00,FC Tokyo,Sagan Tosu,0,0,-0.75,1.97,1.9300000000000002,+2.25,1.85,2.0300000000000002
2018-09-14 10:03:00,Kashima Antlers,Shonan Bellmare,2,1,-0.75,1.96,1.9300000000000002,+2.5,1.88,2.0
2018-09-14 10:03:00,Cerezo Osaka,Iwata,1,1,-0.5,1.95,1.94,+2.5,2.0300000000000002,1.85
2018-09-15 05:00:00,Vegalta Sendai,FC Tokyo,1,0,+0.25,1.94,1.96,+2.5,1.98,1.8900000000000001
2018-09-15 08:00:00,Sagan Tosu,Sanfrecce Hiroshima,1,0,+0.5,1.8900000000000001,2.0,+2.25,1.8900000000000001,1.99
2018-09-15 09:00:00,Nagoya Grampus,V-Varen Nagasaki,3,4,-0.5,1.83,2.08,+3,2.0300000000000002,1.85
2018-09-15 10:00:00,Vissel Kobe,Gamba Osaka,1,2,-0.5,2.05,1.85,+2.75,1.9100000000000001,1.97
2018-09-15 10:00:00,Kawasaki Frontale,Hokkaido Consadole Sapporo,7,0,-1,1.8599999999999999,2.04,+3,2.04,1.8399999999999999
2018-09-15 10:00:00,Kashiwa Reysol,Shimizu S-Pulse,2,3,-0.25,2.06,1.8399999999999999,+2.5,1.8900000000000001,1.99
2018-09-16 07:00:00,Yokohama F. Marinos,Urawa Reds,1,2,0,1.95,1.95,+3,1.95,1.9300000000000002
2018-09-21 10:30:00,Shimizu S-Pulse,Gamba Osaka,1,2,-0.5,2.04,1.8599999999999999,+2.75,1.96,1.9300000000000002
2018-09-22 06:00:00,Kashiwa Reysol,Sagan Tosu,1,1,-0.25,2.0300000000000002,1.87,+2.25,1.85,2.0300000000000002
2018-09-22 07:00:00,Iwata,Yokohama F. Marinos,1,2,+0.25,1.81,2.1,+3,2.06,1.8199999999999998
2018-09-22 09:00:00,V-Varen Nagasaki,Vegalta Sendai,1,0,+0.25,1.8900000000000001,2.01,+2.5,1.92,1.96
2018-09-22 10:00:00,Shonan Bellmare,Cerezo Osaka,1,1,+0.25,2.0300000000000002,1.88,+2.5,1.96,1.92
2018-09-22 10:00:00,Kawasaki Frontale,Nagoya Grampus,3,1,-1.25,2.0,1.9,+3.25,1.8399999999999999,2.04
2018-09-22 10:00:00,Sanfrecce Hiroshima,FC Tokyo,1,1,0,1.8,2.1100000000000003,+2.25,1.9100000000000001,1.97
2018-09-23 09:00:00,Urawa Reds,Vissel Kobe,4,0,-0.5,2.04,1.8599999999999999,+2.75,1.98,1.9
2018-09-23 10:00:00,Hokkaido Consadole Sapporo,Kashima Antlers,0,2,+0.25,1.88,2.01,+2.75,1.9300000000000002,1.94
2018-09-26 10:30:00,Shonan Bellmare,Kawasaki Frontale,0,0,+1,2.01,1.8900000000000001,+2.75,1.95,1.9300000000000002
2018-09-29 04:00:00,Hokkaido Consadole Sapporo,Sagan Tosu,2,1,-0.25,2.12,1.79,+2.25,1.85,2.0300000000000002
2018-09-29 05:00:00,Yokohama F. Marinos,Vegalta Sendai,5,2,-0.25,2.01,1.8900000000000001,+3.25,2.05,1.83
2018-09-29 07:00:00,Vissel Kobe,Kashima Antlers,0,5,0,2.0,1.9,+2.5,1.9300000000000002,1.95
2018-09-29 07:00:00,Gamba Osaka,Sanfrecce Hiroshima,1,0,+0.5,1.8399999999999999,2.06,+2.5,1.85,2.0300000000000002
2018-09-29 08:00:00,FC Tokyo,Shimizu S-Pulse,0,2,-0.5,1.88,2.02,+2.5,2.0300000000000002,1.85
2018-09-29 10:00:00,V-Varen Nagasaki,Kawasaki Frontale,1,2,+1,1.99,1.9100000000000001,+2.5,1.8900000000000001,1.99
2018-09-30 05:00:00,Urawa Reds,Kashiwa Reysol,3,2,-0.25,1.83,2.0700000000000003,+2.75,2.04,1.8399999999999999
2018-10-05 10:30:00,Yokohama F. Marinos,Hokkaido Consadole Sapporo,2,1,-0.75,2.01,1.88,+3.5,2.04,1.8399999999999999
2018-10-06 05:00:00,Sanfrecce Hiroshima,Kashiwa Reysol,0,3,-0.5,1.96,1.9300000000000002,+2.75,1.96,1.92
2018-10-06 05:00:00,Cerezo Osaka,Gamba Osaka,0,1,-0.5,1.98,1.92,+2.5,1.85,2.04
2018-10-06 10:00:00,Vissel Kobe,V-Varen Nagasaki,1,1,-0.5,1.94,1.96,+2.5,1.96,1.92
2018-10-06 10:00:00,Sagan Tosu,Shonan Bellmare,0,1,-0.25,1.85,2.05,+2.25,2.0,1.88
2018-10-07 04:00:00,Kashima Antlers,Kawasaki Frontale,0,0,+0.25,2.0,1.8900000000000001,+2.25,1.83,2.06
2018-10-07 04:05:00,Vegalta Sendai,Urawa Reds,1,1,+0.25,2.0300000000000002,1.87,+2.75,1.88,1.99
2018-10-07 06:00:00,Shimizu S-Pulse,Iwata,5,1,-0.5,2.08,1.83,+2.5,1.9300000000000002,1.95
2018-10-07 07:00:00,Nagoya Grampus,FC Tokyo,1,2,+0.5,1.85,2.04,+2.75,1.9,1.98
2018-10-19 10:30:00,Kashiwa Reysol,Nagoya Grampus,0,1,-0.5,2.05,1.85,+3,1.9100000000000001,1.97
2018-10-20 05:00:00,Vegalta Sendai,Sagan Tosu,2,3,-0.25,2.0300000000000002,1.87,+2.5,2.0700000000000003,1.81
2018-10-20 05:00:00,Shimizu S-Pulse,Sanfrecce Hiroshima,2,0,0,2.13,1.79,+2.5,1.96,1.92
2018-10-20 06:00:00,Gamba Osaka,Yokohama F. Marinos,2,1,+0.25,2.0700000000000003,1.83,+3,1.88,2.0
2018-10-20 07:00:00,Urawa Reds,Kashima Antlers,3,1,0,1.81,2.1,+2.5,1.95,1.9300000000000002
2018-10-20 07:00:00,Shonan Bellmare,Hokkaido Consadole Sapporo,2,2,0,1.97,1.9300000000000002,+2.5,1.9300000000000002,1.96
2018-10-20 10:00:00,Kawasaki Frontale,Vissel Kobe,5,3,-1,1.97,1.9300000000000002,+2.75,1.94,1.94
2018-10-20 10:00:00,FC Tokyo,Cerezo Osaka,0,1,-0.5,1.99,1.9100000000000001,+2.5,2.04,1.8399999999999999
2018-10-21 07:00:00,V-Varen Nagasaki,Iwata,0,0,0,1.94,1.96,+2.5,2.06,1.83
2018-10-28 05:00:00,Nagoya Grampus,Hokkaido Consadole Sapporo,1,2,-0.25,2.08,1.83,+3.25,2.02,1.8599999999999999
2018-10-30 09:00:00,Iwata,Shonan Bellmare,1,0,-0.25,2.1100000000000003,1.81,+2.25,1.85,2.04
2018-10-31 09:00:00,Kashima Antlers,Cerezo Osaka,1,0,+0.25,1.78,2.13,+2.25,1.9,1.98
2018-11-02 09:00:00,Shonan Bellmare,Shimizu S-Pulse,0,0,+0.25,2.08,1.83,+2.5,2.02,1.8599999999999999
2018-11-03 04:00:00,Iwata,Sanfrecce Hiroshima,3,2,+0.25,2.09,1.81,+2.5,2.04,1.8399999999999999
2018-11-03 04:00:00,Kawasaki Frontale,Kashiwa Reysol,3,0,-1,2.0700000000000003,1.83,+3,1.97,1.9100000000000001
2018-11-03 04:00:00,Yokohama F. Marinos,FC Tokyo,0,1,0,2.1100000000000003,1.8,+2.75,1.99,1.8900000000000001
2018-11-03 04:00:00,Nagoya Grampus,Vissel Kobe,1,2,0,1.88,2.02,+3,1.92,1.96
2018-11-03 06:00:00,Urawa Reds,Gamba Osaka,1,3,-0.75,1.9300000000000002,1.96,+2.75,1.9300000000000002,1.94
2018-11-04 04:00:00,Hokkaido Consadole Sapporo,Vegalta Sendai,1,0,-0.5,2.0700000000000003,1.8399999999999999,+3,1.99,1.88
2018-11-04 06:00:00,Sagan Tosu,V-Varen Nagasaki,1,0,-0.5,1.97,1.9300000000000002,+2.25,1.8900000000000001,1.99
2018-11-06 09:00:00,Cerezo Osaka,Nagoya Grampus,0,1,-0.5,1.94,1.96,+3,1.94,1.94
2018-11-06 09:00:00,Kashiwa Reysol,Kashima Antlers,2,3,-0.25,1.9300000000000002,1.98,+2.5,1.92,1.97
2018-11-10 04:00:00,V-Varen Nagasaki,Yokohama F. Marinos,0,1,+0.5,2.05,1.85,+2.75,1.9100000000000001,1.97
2018-11-10 04:00:00,Sanfrecce Hiroshima,Vegalta Sendai,0,1,-0.75,1.88,2.02,+2.75,1.8900000000000001,1.99
2018-11-10 04:00:00,Vissel Kobe,Sagan Tosu,0,0,-0.25,1.95,1.94,+2.5,1.97,1.92
2018-11-10 04:00:00,Shimizu S-Pulse,Nagoya Grampus,2,0,-0.25,2.02,1.88,+3,1.9300000000000002,1.94
2018-11-10 04:00:00,FC Tokyo,Iwata,0,0,-1,2.1100000000000003,1.8,+2.25,1.8599999999999999,2.02
2018-11-10 04:00:00,Hokkaido Consadole Sapporo,Urawa Reds,1,2,+0.25,1.9300000000000002,1.98,+2.75,1.85,2.0300000000000002
2018-11-10 04:00:00,Cerezo Osaka,Kawasaki Frontale,2,1,+0.5,1.9300000000000002,1.97,+2.5,1.9100000000000001,1.97
2018-11-10 05:00:00,Gamba Osaka,Shonan Bellmare,1,0,-0.25,1.94,1.95,+2.5,1.9300000000000002,1.96
2018-11-24 04:00:00,FC Tokyo,Kawasaki Frontale,0,2,-0.25,2.09,1.79,+2.25,1.81,2.06
2018-11-24 04:00:00,Gamba Osaka,V-Varen Nagasaki,2,1,-0.5,1.8599999999999999,2.02,+2.5,1.8399999999999999,2.02
2018-11-24 04:00:00,Iwata,Hokkaido Consadole Sapporo,0,2,+0.25,1.88,2.0,+2.75,1.83,2.0300000000000002
2018-11-24 04:00:00,Sagan Tosu,Yokohama F. Marinos,2,1,0,1.8900000000000001,1.99,+2.5,1.97,1.8900000000000001
2018-11-24 04:00:00,Cerezo Osaka,Kashiwa Reysol,0,3,0,2.0,1.88,+2.75,1.95,1.9100000000000001
2018-11-24 04:00:00,Shimizu S-Pulse,Vissel Kobe,3,3,-0.25,2.0700000000000003,1.81,+2.5,1.83,2.0300000000000002
2018-11-24 04:00:00,Shonan Bellmare,Urawa Reds,2,1,0,2.0300000000000002,1.85,+2.5,1.99,1.87
2018-11-24 04:00:00,Vegalta Sendai,Kashima Antlers,0,3,+0.75,1.9,1.98,+2.75,1.85,2.01
2018-11-24 04:00:00,Sanfrecce Hiroshima,Nagoya Grampus,1,2,-0.25,2.02,1.8599999999999999,+2.75,1.8399999999999999,2.02
2018-11-25 03:00:00,Omiya Ardija,Verdy,0,1,-0.25,2.01,1.87,+2.25,2.06,1.81
2018-12-01 04:00:00,Yokohama F. Marinos,Cerezo Osaka,1,2,-0.25,1.92,1.96,+2.75,1.92,1.94
2018-12-01 04:00:00,Vissel Kobe,Vegalta Sendai,3,2,-0.25,1.85,2.0300000000000002,+2.75,1.8900000000000001,1.97
2018-12-01 04:00:00,V-Varen Nagasaki,Shimizu S-Pulse,4,4,+0.25,2.02,1.8599999999999999,+2.5,1.8900000000000001,1.97
2018-12-01 04:00:00,Urawa Reds,FC Tokyo,3,2,+0.25,1.99,1.8900000000000001,+2.5,1.98,1.88
2018-12-01 04:00:00,Nagoya Grampus,Shonan Bellmare,2,2,-0.25,2.01,1.87,+2.5,1.92,1.94
2018-12-01 04:00:00,Kawasaki Frontale,Iwata,2,1,-0.75,1.9100000000000001,1.97,+2.75,2.01,1.85
2018-12-01 04:00:00,Kashiwa Reysol,Gamba Osaka,4,2,-0.5,2.06,1.83,+3,2.02,1.8399999999999999
2018-12-01 04:00:00,Kashima Antlers,Sagan Tosu,0,0,-0.25,1.81,2.0700000000000003,+2,1.99,1.87
2018-12-01 04:00:00,Hokkaido Consadole Sapporo,Sanfrecce Hiroshima,2,2,0,1.9100000000000001,1.97,+2.75,1.96,1.9
2018-12-02 03:00:00,Yokohama FC,Verdy,0,1,-0.25,2.0700000000000003,1.81,+2,1.83,2.02
2018-12-08 04:00:00,Iwata,Verdy,2,0,-0.25,1.96,1.92,+2,1.97,1.88
