date,home_team,away_team,home_score,away_score,hc_line,hc_home,hc_away,ou_line,over,under,home_underlying,away_underlying
2019-02-23 04:00:00,Kawasaki Frontale,FC Tokyo,0,0,-0.5,1.94,1.95,2.25,1.87,2.01,1.5375486962608833,0.9781108146207002
2019-02-23 04:00:00,Sagan Tosu,Nagoya Grampus,0,4,0.0,1.85,2.05,2.5,1.95,1.93,1.3896929125712567,1.3130752259146623
2019-02-23 04:00:00,Sanfrecce Hiroshima,Shimizu S-Pulse,1,1,0.0,1.82,2.09,2.25,1.81,2.0700000000000003,1.340520577590381,1.2401372885013173
2019-02-23 04:00:00,Vegalta Sendai,Urawa Reds,0,0,0.5,1.88,2.02,2.5,1.93,1.95,1.1247497706576248,1.6050353456963593
2019-02-23 05:00:00,Gamba Osaka,Yokohama F. Marinos,2,3,0.0,2.05,1.85,3.0,2.04,1.84,1.510068607833256,1.5935599731460208
2019-02-23 05:00:00,Iwata,Yamaga,1,1,-0.25,2.05,1.85,2.0,1.86,2.02,1.229780476704772,1.0217420576423668
2019-02-23 05:00:00,Kashima Antlers,Oita Trinita,1,2,-0.75,2.05,1.85,2.5,1.97,1.92,1.6959399196892762,0.9833848909601517
2019-02-23 06:00:00,Shonan Bellmare,Hokkaido Consadole Sapporo,2,0,0.0,2.01,1.88,2.5,1.99,1.89,1.3050320769566015,1.3545685430939978
2019-03-01 09:00:00,Kawasaki Frontale,Kashima Antlers,1,1,-0.75,2.06,1.84,2.5,1.88,1.99,1.7342477024405294,1.0343512705944813
2019-03-01 09:00:00,Sanfrecce Hiroshima,Iwata,0,0,-0.5,2.05,1.85,2.25,1.85,2.04,1.4985735115907262,1.0427157844898618
2019-03-02 03:00:00,Yokohama F. Marinos,Vegalta Sendai,2,1,-0.75,2.03,1.87,3.0,2.0700000000000003,1.81,1.8933774764847098,1.1747303454498368
2019-03-02 04:00:00,Nagoya Grampus,Cerezo Osaka,2,0,0.0,1.9,2.0,2.5,1.86,2.02,1.4218839461279456,1.3827987401860982
2019-03-02 04:00:00,Shimizu S-Pulse,Gamba Osaka,2,4,-0.25,1.93,1.97,2.75,2.05,1.83,1.5647900817864633,1.2660250072209789
2019-03-02 05:00:00,Vissel Kobe,Sagan Tosu,1,0,-0.75,2.05,1.85,2.25,1.88,2.0,1.6116367031632548,0.8921405566528199
2019-03-02 06:00:00,Oita Trinita,Yamaga,0,1,-0.25,1.97,1.93,2.25,1.98,1.9,1.3415889926742581,1.071697834219899
2019-03-02 06:00:00,Urawa Reds,Hokkaido Consadole Sapporo,0,2,-0.5,1.86,2.04,2.5,1.88,2.0,1.7073212443530559,1.067522237987556
2019-03-02 06:00:00,Shonan Bellmare,FC Tokyo,2,3,0.5,1.93,1.98,2.0,1.85,2.02,0.8603882093246418,1.4021536252479663
2019-03-09 04:00:00,Yamaga,Urawa Reds,0,1,0.0,2.04,1.86,2.0,1.86,2.01,1.0945710533618394,1.1560799554771435
2019-03-09 04:00:00,Hokkaido Consadole Sapporo,Shimizu S-Pulse,5,2,-0.25,1.86,2.04,2.75,1.88,2.0,1.6876295650246138,1.3235969751148597
2019-03-09 05:00:00,Iwata,Oita Trinita,1,2,0.0,1.91,1.99,2.25,1.93,1.96,1.2485415198533156,1.2196726234434674
2019-03-09 05:00:00,Gamba Osaka,Nagoya Grampus,2,3,0.0,2.03,1.88,3.0,2.01,1.87,1.5350634305629887,1.5979090911829241
2019-03-09 06:00:00,Kashima Antlers,Shonan Bellmare,1,0,-0.5,1.88,2.01,2.5,1.91,1.97,1.6781514000845583,1.063303971346823
2019-03-09 06:00:00,Cerezo Osaka,Sanfrecce Hiroshima,0,1,0.0,1.84,2.06,2.25,1.95,1.93,1.2614569777263858,1.1822741597636908
2019-03-10 04:00:00,FC Tokyo,Sagan Tosu,2,0,-1.0,2.09,1.81,2.25,1.93,1.94,1.7119473345200371,0.7354657978326647
2019-03-10 04:00:00,Vegalta Sendai,Vissel Kobe,1,3,0.5,1.9,2.0,2.5,1.95,1.93,1.103166822911453,1.6043335070102316
2019-03-10 04:00:00,Yokohama F. Marinos,Kawasaki Frontale,2,2,0.25,2.0700000000000003,1.84,2.75,1.91,1.97,1.298995065440094,1.6866260452448762
2019-03-17 03:00:00,Sagan Tosu,Iwata,1,0,0.0,1.81,2.09,2.0,2.0,1.88,1.1179893976271467,1.0252342835758488
2019-03-17 03:30:00,FC Tokyo,Nagoya Grampus,1,0,-0.25,1.83,2.08,2.5,1.83,2.05,1.6154471781472355,1.219521493388574
2019-03-17 04:00:00,Vissel Kobe,Shimizu S-Pulse,1,1,-0.75,1.93,1.97,2.75,1.82,2.06,1.9436352417923173,1.1274871084803426
2019-03-17 04:00:00,Hokkaido Consadole Sapporo,Kashima Antlers,1,3,0.0,2.02,1.88,2.5,1.86,2.02,1.3753233839925036,1.4303150168346634
2019-03-17 05:00:00,Sanfrecce Hiroshima,Yamaga,1,0,-0.25,2.06,1.84,2.0,1.99,1.88,1.1751352459782503,0.9707101619750136
2019-03-17 05:00:00,Kawasaki Frontale,Gamba Osaka,0,1,-1.0,2.05,1.85,2.75,1.82,2.0700000000000003,2.0275511209352914,1.0463344534337193
2019-03-17 05:00:00,Cerezo Osaka,Urawa Reds,1,2,0.0,1.93,1.97,2.0,1.79,2.09,1.1620785104575675,1.148283306708603
2019-03-17 06:00:00,Oita Trinita,Yokohama F. Marinos,2,0,0.0,2.05,1.85,3.0,2.03,1.85,1.5148947069926346,1.5985461725824888
2019-03-17 07:00:00,Shonan Bellmare,Vegalta Sendai,2,1,0.0,1.92,1.98,2.5,1.98,1.89,1.3435159473794274,1.3208456322600886
2019-03-29 09:30:00,Yokohama F. Marinos,Sagan Tosu,0,0,-1.0,2.09,1.82,2.75,1.89,1.99,1.9740177772976142,1.0191208232060118
2019-03-30 04:00:00,Vegalta Sendai,Cerezo Osaka,0,2,0.25,1.84,2.06,2.5,2.06,1.83,1.2011098161389595,1.3887977479695954
2019-03-30 04:00:00,Urawa Reds,FC Tokyo,1,1,0.0,2.08,1.82,2.25,2.03,1.85,1.1387804284766132,1.2305769186586235
2019-03-30 04:00:00,Nagoya Grampus,Hokkaido Consadole Sapporo,4,0,-0.25,1.95,1.94,3.0,1.83,2.06,1.7927543763841072,1.5228965751644106
2019-03-30 05:00:00,Iwata,Kashima Antlers,1,1,0.25,2.04,1.86,2.5,2.06,1.82,1.1107453782671612,1.4746257022102953
2019-03-30 07:00:00,Gamba Osaka,Vissel Kobe,3,4,0.25,1.93,1.96,2.75,1.82,2.0700000000000003,1.4127020148520857,1.6761007240148855
2019-03-30 09:00:00,Oita Trinita,Sanfrecce Hiroshima,0,1,0.0,1.89,2.01,2.25,2.01,1.87,1.2147519753043177,1.172281060191491
2019-03-31 05:00:00,Shimizu S-Pulse,Shonan Bellmare,1,3,-0.25,1.95,1.95,2.5,1.89,1.99,1.524549903054766,1.2433942324577791
2019-03-31 05:00:00,Yamaga,Kawasaki Frontale,0,2,0.5,1.94,1.96,2.0,1.94,1.94,0.8182634393041387,1.3765417255326038
2019-04-05 10:00:00,Kawasaki Frontale,Cerezo Osaka,1,1,-0.75,1.97,1.93,2.25,1.85,2.03,1.6608754434453448,0.871150147238481
2019-04-05 10:00:00,Kashima Antlers,Nagoya Grampus,2,1,-0.25,1.98,1.92,2.75,1.86,2.02,1.641701155236844,1.3926170514981664
2019-04-05 10:30:00,Urawa Reds,Yokohama F. Marinos,0,3,0.0,1.83,2.0700000000000003,2.75,2.0,1.88,1.4904658635911447,1.3947171588147929
2019-04-06 04:00:00,Hokkaido Consadole Sapporo,Oita Trinita,1,2,-0.25,2.02,1.88,2.5,1.88,2.0,1.4984579694948765,1.2815449499483564
2019-04-06 05:00:00,Sanfrecce Hiroshima,Gamba Osaka,3,0,-0.25,1.92,1.99,2.5,1.96,1.93,1.5042965644154858,1.1905913888758362
2019-04-06 05:00:00,FC Tokyo,Shimizu S-Pulse,2,1,-0.75,1.95,1.95,2.5,1.96,1.93,1.7465430465180942,0.9426487546263039
2019-04-06 05:00:00,Vegalta Sendai,Sagan Tosu,3,0,-0.25,2.0700000000000003,1.83,2.0,1.94,1.94,1.191520236802355,0.9970923310707611
2019-04-06 07:00:00,Shonan Bellmare,Iwata,0,2,-0.25,2.13,1.78,2.25,1.98,1.89,1.2741246003163091,1.1356002363998483
2019-04-06 10:00:00,Yamaga,Vissel Kobe,2,1,0.25,1.86,2.04,2.25,1.9,1.98,1.1430921456267085,1.3515588261533276
2019-04-13 06:00:00,Cerezo Osaka,Hokkaido Consadole Sapporo,0,1,-0.25,1.83,2.08,2.75,2.03,1.85,1.6234941040641422,1.2274147166801275
2019-04-13 10:00:00,Yokohama F. Marinos,Nagoya Grampus,1,1,0.0,1.93,1.97,3.25,1.87,2.01,1.781040940838424,1.763197857647799
2019-04-14 05:00:00,Sagan Tosu,Kawasaki Frontale,0,1,0.75,2.05,1.85,2.25,1.94,1.93,0.7782871923975295,1.6766624033451625
2019-04-14 05:00:00,FC Tokyo,Kashima Antlers,3,1,-0.25,2.04,1.85,2.5,2.05,1.83,1.3957926470587951,1.1960857533456457
2019-04-14 06:00:00,Iwata,Shimizu S-Pulse,1,2,0.0,1.97,1.93,2.5,1.96,1.92,1.3385268071202583,1.3539550610221773
2019-04-14 07:00:00,Gamba Osaka,Urawa Reds,0,1,0.0,1.83,2.0700000000000003,2.5,1.85,2.03,1.4549463646246998,1.360580709009432
2019-04-14 07:00:00,Vissel Kobe,Sanfrecce Hiroshima,2,4,0.0,1.87,2.03,2.5,2.05,1.83,1.3263759638092323,1.2666978901328079
2019-04-14 08:00:00,Shonan Bellmare,Yamaga,1,1,0.0,1.81,2.1,2.0,1.88,2.0,1.1676976707470026,1.0691694349412209
2019-04-19 10:00:00,Kawasaki Frontale,Shonan Bellmare,2,0,-1.0,1.98,1.92,2.5,1.83,2.05,1.936656827274931,0.8890130522533407
2019-04-19 10:00:00,Sanfrecce Hiroshima,FC Tokyo,0,1,0.0,2.16,1.76,2.0,1.91,1.97,1.0403953475042076,1.1750344671229571
2019-04-20 04:00:00,Urawa Reds,Vissel Kobe,1,0,-0.25,2.01,1.88,2.75,2.04,1.84,1.5309165930632616,1.311079699935892
2019-04-20 04:00:00,Hokkaido Consadole Sapporo,Yokohama F. Marinos,3,0,0.0,1.99,1.91,3.25,1.95,1.93,1.7071753649989283,1.7428686192320741
2019-04-20 05:00:00,Nagoya Grampus,Iwata,1,0,-0.5,1.93,1.97,2.75,1.95,1.93,1.7496062350853192,1.184085026493985
2019-04-20 05:00:00,Yamaga,Sagan Tosu,1,0,-0.25,2.02,1.88,2.0,2.02,1.86,1.181858654013847,0.9446222979419041
2019-04-20 06:00:00,Shimizu S-Pulse,Cerezo Osaka,1,0,0.25,1.79,2.12,2.5,2.0,1.88,1.2562331202655481,1.3930665977761256
2019-04-20 06:00:00,Kashima Antlers,Vegalta Sendai,1,0,-0.5,1.9,2.0,2.5,1.83,2.06,1.7178952369145981,1.1198126911441761
2019-04-20 07:00:00,Gamba Osaka,Oita Trinita,1,1,0.0,2.04,1.86,2.5,1.88,2.0,1.3563187990879648,1.4266318131654407
2019-04-27 05:00:00,Cerezo Osaka,Oita Trinita,0,0,-0.25,2.12,1.79,2.0,1.83,2.05,1.2149573436439787,1.0612673492697544
2019-04-28 04:00:00,Vegalta Sendai,Gamba Osaka,2,1,0.25,1.83,2.08,2.75,1.99,1.88,1.364219995686799,1.528234016721858
2019-04-28 04:00:00,Yokohama F. Marinos,Kashima Antlers,2,1,0.0,2.01,1.89,2.75,1.93,1.95,1.4562031702103593,1.5049487750775052
2019-04-28 05:00:00,Vissel Kobe,Kawasaki Frontale,1,2,0.25,2.0,1.9,2.5,1.88,1.99,1.2261963616954266,1.5535329105660396
2019-04-28 05:00:00,FC Tokyo,Yamaga,2,0,-0.75,2.04,1.86,2.0,1.85,2.03,1.4956502596608774,0.7564612292378813
2019-04-28 05:00:00,Sagan Tosu,Shonan Bellmare,0,2,0.0,1.78,2.14,2.0,1.96,1.93,1.1489024883166077,1.0288557100431504
2019-04-28 06:00:00,Nagoya Grampus,Sanfrecce Hiroshima,1,0,0.0,1.78,2.14,2.5,1.97,1.91,1.4084392868259366,1.2715547105386862
2019-04-28 06:00:00,Iwata,Hokkaido Consadole Sapporo,1,2,0.25,1.81,2.1,2.5,1.93,1.94,1.2849022284338139,1.4367400870189277
2019-04-28 07:00:00,Shimizu S-Pulse,Urawa Reds,0,2,0.0,1.84,2.06,2.5,2.01,1.87,1.3597280541989376,1.2767233221949725
2019-05-03 05:00:00,Urawa Reds,Iwata,0,1,-0.25,1.93,1.98,2.0,1.8,2.08,1.304270678017627,0.9942307897069939
2019-05-03 05:00:00,Sanfrecce Hiroshima,Yokohama F. Marinos,0,1,-0.25,2.08,1.83,2.5,1.96,1.92,1.4304101928438058,1.2603322224155886
2019-05-03 06:00:00,Kawasaki Frontale,Vegalta Sendai,3,1,-1.0,2.09,1.82,2.5,1.95,1.93,1.8304022517212675,0.8620780262684342
2019-05-03 06:00:00,Kashima Antlers,Shimizu S-Pulse,3,0,-0.5,1.95,1.95,2.5,1.96,1.92,1.6183656901656651,1.0683178638137065
2019-05-04 05:00:00,Hokkaido Consadole Sapporo,Vissel Kobe,2,1,-0.25,1.96,1.93,3.0,2.0700000000000003,1.82,1.6698904021488128,1.4070931693824336
2019-05-04 05:00:00,Yamaga,Cerezo Osaka,0,2,0.25,1.76,2.16,1.75,1.9,1.98,0.9142808210350862,1.0595291318446747
2019-05-04 07:00:00,Shonan Bellmare,Nagoya Grampus,1,1,0.25,2.0,1.9,2.75,2.0,1.88,1.2808542174470225,1.6076143261913025
2019-05-04 07:00:00,Gamba Osaka,FC Tokyo,0,0,0.25,2.02,1.88,2.5,2.04,1.84,1.1304314920837741,1.4765934946381003
2019-05-04 07:00:00,Oita Trinita,Sagan Tosu,2,0,-0.5,1.99,1.91,2.25,2.04,1.85,1.4403392320621917,0.9189576384728458
2019-05-11 05:00:00,Sagan Tosu,Gamba Osaka,3,1,0.25,1.97,1.93,2.25,2.0,1.88,1.0471351369744468,1.3521004711967348
2019-05-11 06:00:00,Cerezo Osaka,Yokohama F. Marinos,3,0,0.0,1.98,1.92,2.5,1.94,1.94,1.3458483556718388,1.369034110177723
2019-05-12 04:00:00,Yamaga,Hokkaido Consadole Sapporo,0,0,0.25,1.83,2.0700000000000003,2.25,1.83,2.05,1.1918270236185067,1.3716789908718463
2019-05-12 04:05:00,Vegalta Sendai,Sanfrecce Hiroshima,2,1,0.25,1.85,2.06,2.25,1.96,1.92,1.1193492980244921,1.3172128140332322
2019-05-12 05:00:00,Vissel Kobe,Kashima Antlers,0,1,0.25,1.8,2.1100000000000003,2.5,1.87,2.01,1.3276015036045528,1.4674345632327417
2019-05-12 05:00:00,Shimizu S-Pulse,Kawasaki Frontale,0,4,1.0,1.87,2.03,2.75,1.86,2.02,1.0203575047195963,2.0237464126325624
2019-05-12 05:00:00,FC Tokyo,Iwata,1,0,-0.5,1.91,1.99,2.0,1.78,2.1100000000000003,1.4563212934270278,0.8579593128439121
2019-05-12 06:00:00,Nagoya Grampus,Urawa Reds,2,0,-0.25,1.83,2.08,2.75,1.98,1.9,1.650029388667891,1.2535636251301736
2019-05-12 07:00:00,Shonan Bellmare,Oita Trinita,0,1,0.0,1.86,2.04,2.25,1.96,1.92,1.2494399845229953,1.1848601998006436
2019-05-17 10:00:00,Sanfrecce Hiroshima,Sagan Tosu,0,1,-0.5,1.98,1.92,2.0,2.01,1.87,1.3355456765140508,0.7951916726196984
2019-05-17 10:00:00,Kawasaki Frontale,Nagoya Grampus,1,1,-0.5,1.88,2.02,3.0,2.0,1.88,1.876702345219634,1.2603306766155817
2019-05-17 10:30:00,Urawa Reds,Shonan Bellmare,2,3,0.0,1.95,1.95,2.25,2.0700000000000003,1.81,1.1656129198753564,1.1657072936183634
2019-05-18 05:00:00,Yokohama F. Marinos,Vissel Kobe,4,1,-0.5,1.93,1.98,3.0,1.88,1.99,1.9090594092547843,1.3427422361976007
2019-05-18 05:00:00,Iwata,Vegalta Sendai,2,0,-0.25,2.1,1.81,2.25,1.95,1.93,1.302699097170185,1.1402218681723535
2019-05-18 05:00:00,FC Tokyo,Hokkaido Consadole Sapporo,2,0,-0.75,2.02,1.88,2.5,1.98,1.9,1.70154762783846,0.9609121199103287
2019-05-18 06:00:00,Kashima Antlers,Yamaga,5,0,-0.75,1.99,1.91,2.25,2.05,1.83,1.5602796370430443,0.7821040329447436
2019-05-18 07:00:00,Oita Trinita,Shimizu S-Pulse,1,1,-0.25,1.85,2.06,2.5,1.99,1.89,1.516181761004991,1.1393873309222617
2019-05-18 10:00:00,Gamba Osaka,Cerezo Osaka,1,0,0.25,1.9,2.0,2.25,1.97,1.91,1.0912338496808713,1.3361215860655258
2019-05-25 05:00:00,Shimizu S-Pulse,Vegalta Sendai,4,3,-0.25,1.87,2.03,2.5,1.89,1.98,1.5579941717075967,1.2036125973630687
2019-05-25 05:00:00,Hokkaido Consadole Sapporo,Gamba Osaka,0,0,-0.5,1.99,1.91,2.75,1.88,1.99,1.752678625904002,1.2517031497688627
2019-05-25 06:00:00,Cerezo Osaka,FC Tokyo,1,0,0.0,2.03,1.87,2.0,2.1,1.79,1.0103253055096202,1.0621497281120864
2019-05-26 04:00:00,Yokohama F. Marinos,Iwata,4,0,-0.5,2.06,1.85,2.5,1.91,1.97,1.593011270754333,1.1505424514495868
2019-05-26 05:00:00,Sagan Tosu,Kashima Antlers,1,0,0.5,1.88,2.01,2.25,1.98,1.9,0.9610668493161744,1.4584309043016164
2019-05-26 05:00:00,Urawa Reds,Sanfrecce Hiroshima,0,4,0.0,1.89,2.01,2.0,1.91,1.97,1.1271131612108922,1.0866388804831162
2019-05-26 06:00:00,Nagoya Grampus,Yamaga,0,1,-0.75,1.83,2.08,2.5,1.93,1.95,1.8165990406019406,0.8986318153317767
2019-05-26 06:00:00,Vissel Kobe,Shonan Bellmare,4,1,-0.25,2.0,1.9,2.5,1.85,2.02,1.5215863350795056,1.2869687537491987
2019-05-26 07:00:00,Oita Trinita,Kawasaki Frontale,0,1,0.5,1.97,1.93,2.25,1.86,2.02,0.9806733742837093,1.555995421971255
2019-05-31 10:00:00,Shonan Bellmare,Yokohama F. Marinos,1,2,0.75,1.95,1.95,2.75,1.84,2.04,1.1332679024082646,1.9319983379385837
2019-06-01 05:00:00,Vegalta Sendai,Nagoya Grampus,3,1,0.5,1.85,2.05,2.75,1.84,2.04,1.312597541160186,1.7502131628659519
2019-06-01 05:00:00,Hokkaido Consadole Sapporo,Sanfrecce Hiroshima,1,0,0.0,2.03,1.88,2.5,2.05,1.83,1.269026736661495,1.3249898518343461
2019-06-01 05:00:00,FC Tokyo,Oita Trinita,3,1,-0.5,1.93,1.97,2.25,2.0700000000000003,1.81,1.4526550796463669,0.8734455988434818
2019-06-01 06:00:00,Iwata,Vissel Kobe,1,1,0.0,1.96,1.93,2.75,1.98,1.9,1.4475534395505623,1.4597511026459344
2019-06-01 07:00:00,Sagan Tosu,Cerezo Osaka,0,1,0.25,1.89,2.01,2.0,2.1,1.79,0.9128152772882162,1.1610384586548887
2019-06-01 09:00:00,Yamaga,Shimizu S-Pulse,1,1,0.0,2.12,1.79,2.25,1.93,1.94,1.1704603130446372,1.289490353350342
2019-06-01 10:00:00,Kawasaki Frontale,Urawa Reds,1,1,-1.0,1.98,1.92,2.5,2.0,1.88,1.8450506943781286,0.7917388265736065
2019-06-01 10:00:00,Gamba Osaka,Kashima Antlers,1,1,0.25,1.95,1.95,2.5,2.03,1.85,1.166669525501761,1.4508284183547762
2019-06-14 10:00:00,Sanfrecce Hiroshima,Shonan Bellmare,2,0,-0.5,1.81,2.09,2.25,1.93,1.95,1.5737887770258596,0.8822037367031228
2019-06-14 10:00:00,Kawasaki Frontale,Hokkaido Consadole Sapporo,1,1,-1.25,2.1,1.81,2.75,1.87,2.01,2.105873104943053,0.9053163892863539
2019-06-14 10:00:00,Kashima Antlers,Cerezo Osaka,2,0,-0.25,1.91,1.99,2.25,2.08,1.81,1.3232658450170478,1.001025645031032
2019-06-15 09:00:00,Shimizu S-Pulse,Yokohama F. Marinos,3,2,0.25,1.98,1.92,3.25,1.98,1.9,1.5560575350538388,1.8610572443499673
2019-06-15 10:00:00,Yamaga,Vegalta Sendai,0,1,0.0,1.95,1.95,2.25,2.0,1.88,1.1983847881721448,1.1984840147635305
2019-06-15 10:00:00,Urawa Reds,Sagan Tosu,2,1,-0.25,1.88,2.02,2.0,1.92,1.96,1.2754698857625213,0.9269801395536922
2019-06-15 10:00:00,Oita Trinita,Nagoya Grampus,1,1,0.25,2.06,1.83,2.5,1.83,2.05,1.2279378107871735,1.6153208963452452
2019-06-15 10:00:00,Iwata,Gamba Osaka,0,0,0.0,1.95,1.95,2.5,2.04,1.85,1.3050171827694577,1.305132683498076
2019-06-15 10:00:00,FC Tokyo,Vissel Kobe,0,1,-0.5,1.88,2.02,2.5,1.99,1.89,1.636882621699754,1.0160343709993804
2019-06-22 05:00:00,Hokkaido Consadole Sapporo,Sagan Tosu,3,1,-0.5,1.9,2.0,2.25,1.9,1.98,1.5449363677849068,0.941012573085635
2019-06-22 09:00:00,Yokohama F. Marinos,Yamaga,1,0,-0.5,1.83,2.0700000000000003,2.75,2.05,1.83,1.7488929648005065,1.0785344257279446
2019-06-22 09:00:00,Vissel Kobe,Oita Trinita,2,2,-0.25,2.04,1.85,2.5,1.91,1.98,1.4732748198388108,1.2785905618028832
2019-06-22 10:00:00,Nagoya Grampus,Shimizu S-Pulse,1,2,-0.75,1.9,2.0,3.0,1.9,1.98,2.0387787391969545,1.1946325329515177
2019-06-22 10:00:00,Gamba Osaka,Shonan Bellmare,1,0,-0.5,2.04,1.86,2.75,2.04,1.84,1.6468664077201545,1.193007780468115
2019-06-22 10:00:00,Cerezo Osaka,Iwata,2,0,-0.5,1.92,1.98,2.25,2.01,1.87,1.4843901261451546,0.8972713831478474
2019-06-23 10:00:00,Vegalta Sendai,FC Tokyo,2,0,0.25,2.0700000000000003,1.83,2.5,2.0700000000000003,1.81,1.0921922240718398,1.4824959654552903
2019-06-29 09:00:00,Yamaga,Gamba Osaka,1,3,0.25,1.9,2.0,2.0,1.86,2.02,1.0031395560574021,1.2530915114110417
2019-06-29 10:00:00,FC Tokyo,Yokohama F. Marinos,4,2,-0.25,1.85,2.05,2.5,1.88,2.0,1.575494832815901,1.202690678294091
2019-06-30 09:00:00,Vissel Kobe,Nagoya Grampus,5,3,0.0,1.88,2.02,3.25,1.93,1.95,1.7674982950092513,1.705254825968111
2019-06-30 09:30:00,Kashima Antlers,Sanfrecce Hiroshima,2,2,0.0,1.81,2.09,2.25,2.0,1.88,1.247824000884119,1.1481655261671833
2019-06-30 10:00:00,Vegalta Sendai,Hokkaido Consadole Sapporo,2,1,-0.25,1.96,1.93,3.0,2.06,1.82,1.672132254221543,1.409396146592332
2019-06-30 10:00:00,Shonan Bellmare,Cerezo Osaka,0,2,0.25,2.05,1.85,2.25,1.86,2.02,1.0813060377847161,1.4539735136038434
2019-06-30 10:00:00,Iwata,Kawasaki Frontale,1,3,0.75,2.1,1.8,2.5,2.03,1.85,0.8398589997402846,1.781225820028641
2019-06-30 10:00:00,Oita Trinita,Urawa Reds,2,0,-0.25,1.98,1.92,2.25,2.1,1.79,1.2852733842501693,1.0211360065381179
2019-06-30 10:30:00,Sagan Tosu,Shimizu S-Pulse,4,2,0.0,2.0,1.9,2.5,2.02,1.86,1.2943899440128954,1.332135173214207
2019-07-06 09:00:00,Shimizu S-Pulse,Vissel Kobe,2,1,0.25,1.87,2.03,3.0,1.87,2.01,1.538874004636386,1.7355060840528447
2019-07-06 10:00:00,Kashima Antlers,Iwata,2,0,-0.75,1.99,1.92,2.5,2.0,1.88,1.7067696943110597,0.9334670911660752
2019-07-06 10:00:00,Sanfrecce Hiroshima,Cerezo Osaka,1,1,-0.25,2.04,1.86,2.0,1.91,1.97,1.2148169251813166,0.9970115344186984
2019-07-06 10:00:00,Urawa Reds,Vegalta Sendai,1,0,-0.25,1.95,1.95,2.5,2.01,1.88,1.4616491645378469,1.1785860807630166
2019-07-06 10:00:00,Yokohama F. Marinos,Oita Trinita,1,0,-0.75,1.95,1.95,2.75,1.93,1.94,1.8729080665110653,1.0740893670128329
2019-07-07 05:00:00,Hokkaido Consadole Sapporo,Yamaga,1,1,-0.75,1.88,2.02,2.25,1.84,2.04,1.7051593302204668,0.8354710594865582
2019-07-07 09:00:00,Nagoya Grampus,Shonan Bellmare,0,2,-1.0,1.98,1.93,3.0,2.01,1.87,2.083565164441248,1.0394194776949621
2019-07-07 10:00:00,Kawasaki Frontale,Sagan Tosu,0,0,-1.0,1.88,2.02,2.5,1.98,1.9,1.8944315121796118,0.7630314288898731
2019-07-07 10:00:00,FC Tokyo,Gamba Osaka,3,1,-0.5,1.88,2.02,2.5,1.98,1.9,1.642286188446031,1.0215816620747453
2019-07-13 09:00:00,Yamaga,Iwata,0,1,0.0,2.1,1.81,2.0,2.05,1.83,1.0059614106547523,1.1006345219887188
2019-07-13 10:00:00,Yokohama F. Marinos,Urawa Reds,3,1,-0.5,1.95,1.95,2.75,2.01,1.87,1.7081777972457577,1.1622784965125894
2019-07-13 10:00:00,Vegalta Sendai,Kashima Antlers,0,4,0.25,1.86,2.04,2.5,1.88,2.0,1.292376437535453,1.4917945517905447
2019-07-13 10:00:00,Oita Trinita,Hokkaido Consadole Sapporo,2,1,0.0,1.93,1.98,2.5,1.91,1.97,1.3836498313153265,1.3644681828191347
2019-07-13 10:00:00,Gamba Osaka,Shimizu S-Pulse,1,0,-0.25,2.06,1.84,2.75,1.83,2.05,1.6198797421724105,1.4482792186969518
2019-07-13 10:00:00,Cerezo Osaka,Nagoya Grampus,3,0,-0.25,1.94,1.96,2.5,1.86,2.02,1.5458996594503172,1.2560173623081885
2019-07-13 10:30:00,Sagan Tosu,Sanfrecce Hiroshima,0,2,0.25,2.01,1.88,2.0,1.86,2.02,0.9562287415351626,1.3007624692542972
2019-07-14 10:00:00,Shonan Bellmare,Vissel Kobe,3,1,0.25,1.86,2.04,3.0,2.03,1.85,1.4618149703017438,1.6523767605218935
2019-07-14 10:00:00,FC Tokyo,Kawasaki Frontale,0,3,0.25,1.83,2.0700000000000003,2.25,2.05,1.83,1.081516141521764,1.2698397186903878
2019-07-20 04:00:00,Hokkaido Consadole Sapporo,Shonan Bellmare,5,2,-0.75,2.01,1.88,2.75,1.94,1.94,1.8394651973664506,1.102932769285525
2019-07-20 09:00:00,Vissel Kobe,Yokohama F. Marinos,0,2,0.25,1.94,1.96,3.5,1.88,1.99,1.7670953320198706,2.028199493938402
2019-07-20 09:00:00,Nagoya Grampus,Gamba Osaka,2,2,-0.25,2.0,1.9,3.0,1.97,1.91,1.6987778037420007,1.4713744236639406
2019-07-20 09:00:00,Yamaga,Sanfrecce Hiroshima,2,2,0.5,2.01,1.89,2.0,2.01,1.88,0.7605422631285159,1.384030922865206
2019-07-20 09:30:00,Kashima Antlers,Sagan Tosu,2,1,-0.5,1.88,2.02,2.5,2.05,1.83,1.6047863961856217,0.9830299178657482
2019-07-20 10:00:00,Shimizu S-Pulse,FC Tokyo,0,2,0.25,1.85,2.05,2.5,1.94,1.94,1.261981958087035,1.4543597288897443
2019-07-20 10:00:00,Iwata,Urawa Reds,1,3,0.0,2.04,1.86,2.25,2.04,1.84,1.14818122669891,1.211587524125773
2019-07-20 10:00:00,Cerezo Osaka,Vegalta Sendai,0,0,-0.75,1.92,1.99,2.5,2.04,1.84,1.7168301577483955,0.8794019612964932
2019-07-27 10:00:00,Kawasaki Frontale,Oita Trinita,3,1,-1.0,1.96,1.93,2.5,2.05,1.83,1.824720265919845,0.7580919677159061
2019-07-31 10:00:00,Sanfrecce Hiroshima,Kawasaki Frontale,3,2,0.25,1.9,2.0,2.25,1.93,1.95,1.110986004220166,1.3548187365192426
2019-07-31 10:30:00,Urawa Reds,Kashima Antlers,1,1,0.25,1.91,1.99,2.5,2.0,1.88,1.2010877185378999,1.449089282872389
2019-08-02 10:00:00,Vissel Kobe,Gamba Osaka,2,2,0.0,1.98,1.92,3.0,2.01,1.88,1.556232858778715,1.5815563427521846
2019-08-03 10:00:00,Yokohama F. Marinos,Shimizu S-Pulse,0,1,-0.75,2.0,1.9,3.25,1.9,1.98,2.119968994817438,1.3814894939845703
2019-08-03 10:00:00,Vegalta Sendai,Iwata,2,1,-0.25,1.83,2.0700000000000003,2.5,1.97,1.91,1.5340425896270564,1.1433774713688787
2019-08-03 10:00:00,Shonan Bellmare,Kashima Antlers,3,2,0.5,1.93,1.97,2.5,1.83,2.05,1.1583544655815947,1.6860177593946242
2019-08-03 10:00:00,Sanfrecce Hiroshima,Hokkaido Consadole Sapporo,1,0,-0.5,2.0700000000000003,1.83,2.75,1.92,1.96,1.6926094706378152,1.2747855930707717
2019-08-03 10:00:00,FC Tokyo,Cerezo Osaka,3,0,0.0,1.85,2.04,2.0,1.83,2.05,1.171393236762949,1.1058706687981947
2019-08-04 10:00:00,Urawa Reds,Nagoya Grampus,2,2,0.0,1.98,1.92,2.75,1.88,2.0,1.4952582688862108,1.51997489108658
2019-08-04 10:00:00,Kawasaki Frontale,Yamaga,0,0,-1.25,1.98,1.93,2.5,1.97,1.91,1.9978628215818308,0.6676801908998714
2019-08-04 10:30:00,Sagan Tosu,Oita Trinita,2,2,0.0,1.84,2.06,2.0,1.89,1.99,1.1519387727483954,1.077254952260391
2019-08-10 05:00:00,Hokkaido Consadole Sapporo,Urawa Reds,1,1,-0.25,1.91,1.99,3.0,2.06,1.83,1.7010292163737877,1.3852158367980494
2019-08-10 09:00:00,Shimizu S-Pulse,Yamaga,1,0,-0.25,1.83,2.08,2.25,1.94,1.94,1.4219232920635083,1.0281078536675379
2019-08-10 09:30:00,Kashima Antlers,Yokohama F. Marinos,2,1,0.0,1.86,2.03,3.0,1.96,1.93,1.6292638242106798,1.557177297386042
2019-08-10 10:00:00,Oita Trinita,Vissel Kobe,1,1,0.0,1.99,1.91,2.75,1.97,1.91,1.4429512449465391,1.475203949164568
2019-08-10 10:00:00,Nagoya Grampus,Kawasaki Frontale,3,0,0.25,2.0,1.9,3.0,2.05,1.83,1.3847415792300681,1.7106904760404364
2019-08-10 10:00:00,Gamba Osaka,Sanfrecce Hiroshima,1,1,0.0,2.0700000000000003,1.83,2.5,1.89,1.99,1.3391553996175616,1.432679650180468
2019-08-10 10:00:00,FC Tokyo,Vegalta Sendai,1,0,-0.5,1.85,2.05,2.5,2.0,1.88,1.6463130146192404,0.9953425253594146
2019-08-11 09:00:00,Cerezo Osaka,Sagan Tosu,1,2,-0.75,1.93,1.98,2.25,2.01,1.87,1.6059262030617998,0.7728646863506834
2019-08-11 10:00:00,Iwata,Shonan Bellmare,2,3,-0.25,2.04,1.85,2.5,1.97,1.91,1.4381499192354728,1.2412467684410253
2019-08-17 09:00:00,Shimizu S-Pulse,Hokkaido Consadole Sapporo,0,8,0.0,2.09,1.82,3.0,2.04,1.84,1.495724693162783,1.6081099350739756
2019-08-17 10:00:00,Yokohama F. Marinos,Cerezo Osaka,1,2,0.0,2.01,1.89,2.75,1.88,1.99,1.4804649098708875,1.5296940739222082
2019-08-17 10:00:00,Vissel Kobe,Urawa Reds,3,0,0.0,1.84,2.06,2.75,1.84,2.04,1.5744271980783864,1.4835441003343266
2019-08-17 10:00:00,Vegalta Sendai,Kawasaki Frontale,2,2,0.5,1.93,1.97,2.5,1.86,2.02,1.1405885379659517,1.6691338974108028
2019-08-17 10:00:00,Shonan Bellmare,Sagan Tosu,2,3,-0.25,2.03,1.87,2.5,1.98,1.9,1.4395878033670089,1.2286679454738816
2019-08-17 10:00:00,Oita Trinita,Kashima Antlers,0,1,0.0,2.0,1.9,2.5,1.85,2.03,1.388765272734093,1.4281821366102334
2019-08-17 10:00:00,FC Tokyo,Sanfrecce Hiroshima,0,1,-0.25,2.06,1.85,2.0,1.93,1.96,1.2032340477518417,0.9969321486816058
2019-08-18 09:00:00,Yamaga,Nagoya Grampus,1,1,0.5,2.02,1.88,2.5,1.98,1.9,1.0264979641789207,1.6482923980322202
2019-08-18 10:00:00,Gamba Osaka,Iwata,1,1,-0.5,2.05,1.85,2.75,2.02,1.86,1.6518496265997786,1.2091135447182444
2019-08-23 10:00:00,Kashima Antlers,Gamba Osaka,2,2,-0.25,1.92,1.98,2.75,1.99,1.88,1.5979981008557913,1.2904300349195554
2019-08-23 10:30:00,Urawa Reds,Yamaga,1,2,-0.25,2.05,1.85,2.25,2.04,1.84,1.2807160405346467,1.0768180246039174
2019-08-23 10:30:00,Sagan Tosu,Vissel Kobe,1,6,0.5,1.87,2.03,2.75,1.92,1.97,1.2595878662749336,1.721071989472665
2019-08-24 04:00:00,Hokkaido Consadole Sapporo,FC Tokyo,1,1,0.0,1.84,2.06,2.5,1.88,2.0,1.4336050317580766,1.3478035348667767
2019-08-24 09:00:00,Nagoya Grampus,Yokohama F. Marinos,1,5,-0.25,1.97,1.93,3.25,1.85,2.03,1.9089814817758388,1.6569620609222837
2019-08-24 10:00:00,Iwata,Cerezo Osaka,0,2,0.25,2.09,1.81,2.25,1.86,2.02,1.0639416583252594,1.471580669843608
2019-08-24 10:00:00,Kawasaki Frontale,Shimizu S-Pulse,2,2,-1.0,1.89,2.01,2.75,1.85,2.03,2.076117760827653,0.9579089777923889
2019-08-24 10:00:00,Sanfrecce Hiroshima,Oita Trinita,0,0,-0.5,2.08,1.83,2.25,2.02,1.85,1.4047970208496334,0.9642212640836456
2019-08-24 10:00:00,Vegalta Sendai,Shonan Bellmare,1,1,-0.25,1.85,2.05,2.75,2.0,1.88,1.6279036913164366,1.2547701804622942
2019-08-30 10:30:00,Nagoya Grampus,FC Tokyo,1,2,0.25,1.82,2.08,2.5,1.92,1.97,1.2899339855070773,1.454187739340079
2019-08-31 10:00:00,Yokohama F. Marinos,Gamba Osaka,3,1,-0.5,1.99,1.92,3.25,1.96,1.93,1.9683779748768298,1.4713240151342146
2019-08-31 10:00:00,Vissel Kobe,Hokkaido Consadole Sapporo,2,3,0.0,2.08,1.82,3.5,2.05,1.83,1.7291902094040998,1.8472273069960823
2019-08-31 10:00:00,Yamaga,Oita Trinita,0,0,0.0,1.88,2.02,1.75,1.81,2.0700000000000003,1.047470359160781,1.002526833498087
2019-08-31 10:00:00,Iwata,Sanfrecce Hiroshima,0,2,0.25,2.04,1.86,2.25,1.94,1.94,1.0464427913517187,1.4105860637877718
2019-08-31 10:30:00,Sagan Tosu,Vegalta Sendai,2,1,0.0,2.03,1.87,2.25,1.83,2.06,1.2537879938915113,1.3132403506481671
2019-09-01 09:00:00,Shimizu S-Pulse,Kashima Antlers,0,4,0.25,1.85,2.05,2.5,1.94,1.94,1.261981958087035,1.4543597288897443
2019-09-01 09:00:00,Cerezo Osaka,Kawasaki Frontale,2,1,0.25,1.84,2.06,2.25,2.01,1.87,1.0968787245517722,1.2921231609924728
2019-09-01 10:00:00,Shonan Bellmare,Urawa Reds,1,1,0.25,1.89,2.01,2.5,1.84,2.04,1.3022499366121,1.528013041844824
2019-09-13 10:30:00,Urawa Reds,Cerezo Osaka,1,2,0.25,1.85,2.06,2.5,2.0700000000000003,1.81,1.1902285532752932,1.3831442884642091
2019-09-13 10:30:00,Shimizu S-Pulse,Nagoya Grampus,3,2,0.25,1.94,1.96,3.25,2.01,1.87,1.5585976400937676,1.8234527666467637
2019-09-14 05:00:00,Hokkaido Consadole Sapporo,Vegalta Sendai,1,3,-0.75,1.98,1.93,3.0,1.82,2.06,2.0414434416028615,1.2737099568771741
2019-09-14 09:00:00,Oita Trinita,Shonan Bellmare,2,1,-0.25,2.04,1.86,2.5,2.05,1.83,1.398084820293578,1.1937474488089572
2019-09-14 10:00:00,Yokohama F. Marinos,Sanfrecce Hiroshima,3,0,-0.25,2.12,1.79,2.75,1.92,1.97,1.5491873078964071,1.4265606604264944
2019-09-14 10:00:00,Vissel Kobe,Yamaga,2,1,-0.75,1.9,2.0,2.5,1.85,2.04,1.8297607034251488,0.9815987704606748
2019-09-14 10:00:00,Kawasaki Frontale,Iwata,2,0,-1.25,2.08,1.82,2.75,1.92,1.97,2.0900050706121887,0.8727380490475316
2019-09-14 10:00:00,Kashima Antlers,FC Tokyo,2,0,-0.25,2.13,1.78,2.25,1.92,1.96,1.3037191277583486,1.1683196764976183
2019-09-14 10:00:00,Gamba Osaka,Sagan Tosu,1,0,-0.5,1.83,2.0700000000000003,2.75,1.91,1.97,1.8227448305306966,1.1525097437397471
2019-09-28 05:00:00,Sagan Tosu,Urawa Reds,3,3,0.0,1.97,1.93,2.25,1.83,2.05,1.2734866813018504,1.2884175498606194
2019-09-28 05:00:00,Cerezo Osaka,Gamba Osaka,3,1,-0.25,1.89,2.01,2.5,2.01,1.87,1.4854005403830992,1.1486845927985845
2019-09-28 06:00:00,Kashima Antlers,Hokkaido Consadole Sapporo,1,1,-0.5,1.96,1.94,3.0,2.0,1.88,1.8339578929571108,1.3038875837867803
2019-09-28 08:00:00,Kawasaki Frontale,Vissel Kobe,1,2,-0.5,2.05,1.85,3.0,1.87,2.01,1.8486577965845896,1.4196720450676938
2019-09-28 09:00:00,Oita Trinita,Iwata,1,2,-0.25,2.0700000000000003,1.83,2.25,1.85,2.03,1.359869623780806,1.1800779852625427
2019-09-28 10:00:00,Vegalta Sendai,Yokohama F. Marinos,1,1,0.25,1.82,2.09,3.0,1.84,2.04,1.5815943374992478,1.7230367865243998
2019-09-28 10:00:00,Sanfrecce Hiroshima,Nagoya Grampus,1,1,-0.25,2.06,1.84,2.5,1.92,1.96,1.4585237620936002,1.2767177341346945
2019-09-29 05:00:00,Yamaga,FC Tokyo,0,0,0.5,1.88,2.01,2.0,2.0,1.88,0.8186600329039627,1.3290968009349482
2019-09-29 10:00:00,Shonan Bellmare,Shimizu S-Pulse,0,6,0.0,1.87,2.03,2.75,1.99,1.89,1.4799717414762523,1.416089915304469
2019-10-04 10:00:00,Gamba Osaka,Hokkaido Consadole Sapporo,5,0,0.0,1.88,2.02,3.0,1.92,1.97,1.6430509983477195,1.5834580198806398
2019-10-05 05:00:00,Vegalta Sendai,Yamaga,0,1,-0.5,1.98,1.92,2.25,1.99,1.89,1.4651858370315733,0.9358826572059218
2019-10-05 05:00:00,Sagan Tosu,FC Tokyo,2,1,0.25,2.02,1.88,2.25,1.85,2.02,1.096875895543683,1.4433874626239627
2019-10-05 05:00:00,Nagoya Grampus,Oita Trinita,1,1,-0.5,1.85,2.05,2.75,1.96,1.93,1.7883871870301586,1.1390972560516448
2019-10-05 05:00:00,Iwata,Yokohama F. Marinos,0,2,0.75,1.91,1.99,3.25,2.02,1.86,1.3099533036624291,2.0634382136039164
2019-10-05 07:00:00,Sanfrecce Hiroshima,Vissel Kobe,6,2,0.0,1.96,1.94,2.5,1.88,2.0,1.387220314352382,1.3951490697612354
2019-10-06 06:00:00,Cerezo Osaka,Kashima Antlers,0,1,-0.25,2.04,1.86,2.5,2.01,1.87,1.4191570656643009,1.2161912399004091
2019-10-06 08:00:00,Urawa Reds,Shimizu S-Pulse,2,1,-0.5,1.98,1.92,2.75,1.91,1.97,1.7446468214052393,1.2324556081026015
2019-10-06 10:00:00,Shonan Bellmare,Kawasaki Frontale,0,5,0.75,2.02,1.88,2.75,1.86,2.02,1.088652205007928,1.9548206757848654
2019-10-18 10:00:00,Yamaga,Kashima Antlers,1,1,0.25,1.85,2.05,2.25,2.05,1.83,1.0731798264661339,1.278299001564052
2019-10-18 10:00:00,Hokkaido Consadole Sapporo,Cerezo Osaka,0,1,0.0,2.02,1.88,2.75,1.94,1.94,1.4468645377105354,1.5035842170295222
2019-10-18 10:30:00,Urawa Reds,Oita Trinita,0,1,-0.5,2.01,1.88,2.5,2.04,1.84,1.5438592094319163,1.0561251603699873
2019-10-19 04:00:00,Vissel Kobe,FC Tokyo,1,3,0.0,1.89,2.01,2.5,1.86,2.02,1.4257679573897983,1.3788329083628024
2019-10-19 05:00:00,Shimizu S-Pulse,Sanfrecce Hiroshima,1,2,0.5,1.9,2.0,2.75,1.95,1.93,1.2245576589632805,1.7185443572179668
2019-10-19 05:00:00,Nagoya Grampus,Vegalta Sendai,0,2,-0.5,1.97,1.93,3.0,1.96,1.93,1.8503792788368667,1.3319375552565165
2019-10-19 05:00:00,Gamba Osaka,Kawasaki Frontale,2,2,0.5,1.85,2.04,2.5,1.84,2.04,1.1906398223642116,1.6415655555187938
2019-10-19 05:00:00,Yokohama F. Marinos,Shonan Bellmare,3,1,-1.25,1.93,1.98,3.5,1.97,1.91,2.5103360722823047,1.1567061980402338
2019-10-19 06:00:00,Iwata,Sagan Tosu,2,2,0.0,1.9,2.0,2.5,2.0,1.88,1.342775123233931,1.3050447330881205
2019-10-29 09:00:00,Sanfrecce Hiroshima,Urawa Reds,1,1,-0.25,1.81,2.1,2.25,1.93,1.95,1.4352962076740703,1.0241184902462406
2019-11-01 09:00:00,Kashima Antlers,Urawa Reds,1,0,-0.5,1.98,1.92,2.5,2.05,1.83,1.5558458052801205,1.0329354534285875
2019-11-02 03:00:00,Vissel Kobe,Vegalta Sendai,2,0,-0.5,1.85,2.05,3.0,1.97,1.91,1.9074547240120963,1.2587105352692851
2019-11-02 04:00:00,Shimizu S-Pulse,Iwata,1,2,-0.25,1.85,2.04,2.5,1.85,2.03,1.5904608638267044,1.221931877064837
2019-11-02 04:00:00,Sagan Tosu,Yokohama F. Marinos,1,2,0.25,2.0,1.9,3.0,2.0,1.88,1.4094570274352498,1.7352599982427952
2019-11-02 04:00:00,Hokkaido Consadole Sapporo,Nagoya Grampus,3,0,-0.25,2.08,1.83,3.25,2.02,1.86,1.7581591938649306,1.609387591118505
2019-11-02 05:00:00,Cerezo Osaka,Yamaga,1,1,-0.5,1.97,1.93,2.0,1.85,2.03,1.3996332463506318,0.8554149966597133
2019-11-02 05:05:00,Oita Trinita,FC Tokyo,0,2,0.25,2.06,1.84,2.0,1.88,2.0,0.9298906214762435,1.3113530586856716
2019-11-02 05:05:00,Kawasaki Frontale,Sanfrecce Hiroshima,2,1,-0.25,1.95,1.95,2.25,1.81,2.0700000000000003,1.4312807518341941,1.1472119211606195
2019-11-03 06:00:00,Shonan Bellmare,Gamba Osaka,0,3,0.25,1.84,2.06,2.75,1.9,1.98,1.410083522308,1.5847114351061384
2019-11-05 08:30:00,Urawa Reds,Kawasaki Frontale,0,2,0.75,2.02,1.88,2.5,1.96,1.92,0.91450862131856,1.7838082229368042
2019-11-09 04:00:00,Iwata,FC Tokyo,0,1,0.5,1.85,2.05,2.25,1.9,1.98,1.0180837380035337,1.4784702747189675
2019-11-09 04:00:00,Kashima Antlers,Kawasaki Frontale,0,2,0.25,1.85,2.05,2.5,2.03,1.85,1.2106219490408643,1.4062323168710074
2019-11-09 04:00:00,Yokohama F. Marinos,Hokkaido Consadole Sapporo,4,2,-1.0,2.03,1.87,3.5,1.85,2.04,2.4063562092931594,1.4296055928575666
2019-11-09 04:00:00,Nagoya Grampus,Vissel Kobe,3,0,-0.25,2.04,1.85,3.25,2.04,1.85,1.764620139418345,1.5857911189628837
2019-11-09 05:00:00,Cerezo Osaka,Shonan Bellmare,1,0,-0.5,1.85,2.04,2.5,2.01,1.87,1.6385699100648663,0.9922517309764995
2019-11-10 03:05:00,Vegalta Sendai,Shimizu S-Pulse,2,0,-0.25,1.94,1.96,2.75,1.94,1.94,1.6177597740949425,1.3295545766649508
2019-11-10 04:00:00,Oita Trinita,Gamba Osaka,2,1,0.0,2.02,1.88,2.5,1.91,1.97,1.347260478550843,1.4015621529745146
2019-11-10 05:00:00,Sagan Tosu,Yamaga,1,0,-0.25,2.01,1.88,2.0,2.04,1.84,1.1764375245211105,0.9347746337466402
2019-11-23 03:00:00,Vissel Kobe,Cerezo Osaka,1,0,0.0,1.9,2.0,2.75,2.03,1.85,1.4467351694593387,1.4072284292125452
2019-11-23 04:00:00,Sanfrecce Hiroshima,Kashima Antlers,0,0,0.0,1.86,2.04,2.5,1.93,1.96,1.4000473432711182,1.3306819811803845
2019-11-23 04:00:00,Yamaga,Yokohama F. Marinos,0,1,0.5,1.93,1.97,2.75,2.01,1.87,1.1761861784073286,1.7029474197654304
2019-11-23 04:00:00,Shimizu S-Pulse,Oita Trinita,1,1,-0.25,1.92,1.98,2.5,1.97,1.92,1.496635683298838,1.1872479966937397
2019-11-23 04:00:00,Nagoya Grampus,Sagan Tosu,0,0,-0.25,1.8,2.1,2.75,2.0,1.88,1.651174030545988,1.23104403585535
2019-11-23 04:00:00,FC Tokyo,Shonan Bellmare,1,1,-0.75,2.06,1.84,2.5,1.98,1.9,1.6834598672845997,0.979436393588316
2019-11-23 04:00:00,Hokkaido Consadole Sapporo,Iwata,1,2,-0.5,2.03,1.87,2.75,1.85,2.03,1.7501810234205066,1.292677924093465
2019-11-23 05:00:00,Gamba Osaka,Vegalta Sendai,2,0,-0.25,1.81,2.09,2.75,2.0,1.88,1.6465126129571528,1.23579793794014
2019-11-30 04:00:00,Vegalta Sendai,Oita Trinita,2,0,-0.25,1.94,1.96,2.5,2.01,1.87,1.4632901730763526,1.1712228581743163
2019-11-30 04:00:00,Shonan Bellmare,Sanfrecce Hiroshima,1,0,0.5,1.9,2.0,2.5,1.88,2.01,1.1467995459798737,1.6453167787424698
2019-11-30 04:00:00,Sagan Tosu,Hokkaido Consadole Sapporo,0,2,-0.25,2.06,1.84,2.75,1.93,1.95,1.566971379011141,1.3921734111165003
2019-11-30 04:00:00,Kawasaki Frontale,Yokohama F. Marinos,1,4,-0.25,2.08,1.83,3.0,1.84,2.04,1.726222840731719,1.5755960266739253
2019-11-30 04:00:00,Kashima Antlers,Vissel Kobe,1,3,-1.0,2.01,1.88,3.0,2.05,1.83,2.047676823678665,1.0370142121634416
2019-11-30 04:00:00,Iwata,Nagoya Grampus,2,1,0.0,1.99,1.91,2.75,1.9,1.98,1.4803839881318317,1.5131438768917447
2019-11-30 04:00:00,Gamba Osaka,Yamaga,4,1,-0.25,1.88,2.01,2.25,1.93,1.95,1.401254685724881,1.0589436362182043
2019-11-30 04:00:00,FC Tokyo,Urawa Reds,1,1,-0.5,2.03,1.87,2.25,1.96,1.93,1.4574056500140038,0.9773744990184485
2019-11-30 04:00:00,Cerezo Osaka,Shimizu S-Pulse,2,1,-0.5,2.0,1.9,2.5,1.86,2.02,1.647792330989196,1.1515883460883183
2019-12-01 03:05:00,Omiya Ardija,Montedio Yamagata,0,2,-0.5,2.0700000000000003,1.81,2.25,2.09,1.78,1.371345712091746,0.9327929871450712
2019-12-01 03:05:00,Tokushima,Kofu,1,1,0.0,2.02,1.85,2.25,2.01,1.85,1.1587200765805912,1.2193920603563264
2019-12-07 04:00:00,Yokohama F. Marinos,FC Tokyo,3,0,-0.5,1.95,1.95,3.0,2.01,1.87,1.834485576862098,1.2934767488287666
2019-12-07 04:00:00,Vissel Kobe,Iwata,4,1,-1.0,2.01,1.89,3.0,1.88,2.0,2.1308544111110366,1.1205116212494899
2019-12-07 04:00:00,Urawa Reds,Gamba Osaka,2,3,0.0,2.04,1.86,2.5,1.89,1.99,1.3507254694332833,1.4208613971102833
2019-12-07 04:00:00,Shimizu S-Pulse,Sagan Tosu,1,0,0.0,1.86,2.03,2.5,1.88,2.0,1.4239987507541103,1.3575871840388098
2019-12-07 04:00:00,Sanfrecce Hiroshima,Vegalta Sendai,1,0,-1.0,2.0700000000000003,1.83,2.5,1.85,2.03,1.889585942375134,0.9144829917724602
2019-12-07 04:00:00,Oita Trinita,Cerezo Osaka,0,2,0.5,1.83,2.0700000000000003,2.25,1.95,1.93,1.0022164680235073,1.4457135019437635
2019-12-07 04:00:00,Nagoya Grampus,Kashima Antlers,0,1,0.25,1.96,1.94,2.75,1.95,1.93,1.3263806877256663,1.615302173490733
2019-12-07 04:00:00,Yamaga,Shonan Bellmare,1,1,0.5,1.97,1.93,2.5,2.0,1.88,1.0399016887913324,1.6124580253831513
2019-12-07 04:00:00,Hokkaido Consadole Sapporo,Kawasaki Frontale,1,2,0.5,2.01,1.89,3.25,2.03,1.85,1.377996665314821,1.983020316303736
2019-12-08 03:05:00,Tokushima,Montedio Yamagata,1,0,-0.25,2.0,1.88,2.0,1.81,2.05,1.2616721790893084,1.0220635688312725
2019-12-14 03:00:00,Shonan Bellmare,Tokushima,1,1,0.0,1.95,1.95,2.25,2.05,1.83,1.1749152671216427,1.1750110019730235
