Nagoya Grampus - Hokkaido Consadole Sapporo,"Saturday, 06 Mar 2021, 06:00","Final result 1:0 (0:0, 1:0)",2.6100000000000003 3.59 2.73,;-1.5 5.55 1.17;-0.5 2.6 1.55;-0.25 2.25 1.71;0 1.9100000000000001 2.0;+0.25 1.65 2.3600000000000003;+0.5 1.51 2.7199999999999998;+1.5 1.16 5.79,;+1.5 1.29 3.76;+2 1.46 2.8600000000000003;+2.25 1.7 2.24;+2.5 1.96 1.9300000000000002;+2.75 2.2199999999999998 1.71;+3 2.7 1.51;+3.5 3.41 1.34;+4.5 6.9 1.12
Sagan Tosu - Urawa Reds,"Saturday, 06 Mar 2021, 05:00","Final result 2:0 (0:0, 2:0)",2.37 3.47 3.15,;-1.5 5.12 1.19;-0.75 2.88 1.47;-0.5 2.3600000000000003 1.65;-0.25 2.04 1.87;0 1.7 2.27;+0.25 1.52 2.7;+0.5 1.4 3.11;+1.5 1.12 7.3,;+1.5 1.3900000000000001 3.14;+1.75 1.49 2.75;+2 1.65 2.34;+2.25 1.94 1.94;+2.5 2.2199999999999998 1.71;+2.75 2.59 1.54;+3.5 4.0 1.27
Yokohama FC - Oita Trinita,"Saturday, 06 Mar 2021, 05:00","Final result 1:2 (1:2, 0:0)",2.6 3.43 2.84,;-1.5 5.75 1.17;-0.5 2.59 1.56;-0.25 2.23 1.72;0 1.87 2.04;+0.25 1.62 2.4299999999999997;+0.5 1.48 2.83;+1.5 1.13 6.73,;+1.5 1.3900000000000001 3.14;+1.75 1.49 2.76;+2 1.6400000000000001 2.3600000000000003;+2.25 1.9300000000000002 1.96;+2.5 2.2 1.73;+2.75 2.59 1.54;+3.5 4.23 1.25
FC Tokyo - Cerezo Osaka,"Saturday, 06 Mar 2021, 04:00","Final result 3:2 (0:1, 3:1)",2.2800000000000002 3.45 3.33,;-1.25 4.5 1.23;-1 3.91 1.29;-0.75 2.7800000000000002 1.49;-0.5 2.27 1.69;-0.25 1.96 1.94;0 1.63 2.3899999999999997;+0.25 1.47 2.8600000000000003;+0.5 1.37 3.29;+0.75 1.25 4.3,;+1.5 1.44 2.9;+1.75 1.56 2.54;+2 1.75 2.16;+2.25 2.0700000000000003 1.83;+2.5 2.37 1.63;+2.75 2.83 1.47;+3.5 4.609999999999999 1.22
Shimizu S-Pulse - Avispa Fukuoka,"Saturday, 06 Mar 2021, 04:00","Final result 2:2 (1:0, 1:2)",1.92 3.8 4.109999999999999,;-1.5 3.73 1.31;-1.25 3.27 1.37;-1 2.8200000000000003 1.48;-0.75 2.21 1.73;-0.5 1.92 1.99;-0.25 1.6600000000000001 2.34;0 1.42 3.07;+0.25 1.33 3.55;+0.5 1.27 4.05,;+1.5 1.32 3.57;+2 1.5 2.7199999999999998;+2.25 1.75 2.16;+2.5 2.01 1.88;+2.75 2.3 1.67;+3 2.8600000000000003 1.46;+3.5 3.63 1.31;+4.5 7.48 1.11
Tokushima - Vissel Kobe,"Saturday, 06 Mar 2021, 04:00","Final result 1:1 (0:0, 1:1)",3.22 3.64 2.26,;-0.75 4.12 1.26;-0.5 3.18 1.3900000000000001;-0.25 2.7800000000000002 1.49;0 2.3600000000000003 1.65;+0.25 1.94 1.96;+0.5 1.71 2.25;+0.75 1.53 2.66;+1 1.35 3.43;+1.25 1.29 3.87,;+1.5 1.28 3.93;+2 1.43 2.99;+2.25 1.67 2.3;+2.5 1.92 1.97;+2.75 2.15 1.76;+3 2.58 1.55;+3.5 3.24 1.37;+4.5 6.03 1.15
Vegalta Sendai - Kawasaki Frontale,"Saturday, 06 Mar 2021, 04:00","Final result 1:5 (0:4, 1:1)",6.31 4.67 1.52,;0 4.98 1.2;+0.25 3.4 1.35;+0.5 2.7199999999999998 1.51;+0.75 2.4 1.63;+1 2.08 1.8399999999999999;+1.25 1.79 2.12;+1.5 1.63 2.41;+1.75 1.46 2.85;+2 1.31 3.7;+2.25 1.27 4.02,;+1.5 1.2 4.95;+2.5 1.6099999999999999 2.42;+2.75 1.75 2.17;+3 1.97 1.92;+3.25 2.2199999999999998 1.71;+3.5 2.48 1.58;+4.5 4.4399999999999995 1.23;+5.5 8.059999999999999 1.1
Kawasaki Frontale - Cerezo Osaka,"Wednesday, 03 Mar 2021, 08:00","Final result 3:2 (1:2, 2:0)",1.47 4.83 6.82,;-2.5 4.62 1.23;-1.75 2.9 1.46;-1.5 2.44 1.6099999999999999;-1.25 2.12 1.79;-1 1.81 2.13;-0.75 1.5899999999999999 2.5;-0.5 1.47 2.87;+0.5 1.1400000000000001 6.67,;+1.5 1.22 4.609999999999999;+2.25 1.48 2.7800000000000002;+2.5 1.6600000000000001 2.33;+2.75 1.83 2.0700000000000003;+3 2.1 1.79;+3.25 2.42 1.6099999999999999;+3.5 2.7199999999999998 1.49;+4.5 5.11 1.19
Avispa Fukuoka - Nagoya Grampus,"Sunday, 28 Feb 2021, 03:00","Final result 1:2 (0:1, 1:1)",4.17 3.45 2.0,;-0.5 4.12 1.27;-0.25 3.56 1.33;0 3.01 1.43;+0.25 2.25 1.71;+0.5 1.9100000000000001 2.0;+0.75 1.65 2.3600000000000003;+1 1.4 3.16;+1.25 1.31 3.68;+1.5 1.26 4.21,;+1.5 1.5 2.74;+1.75 1.6400000000000001 2.3600000000000003;+2 1.8900000000000001 2.0;+2.25 2.24 1.7;+2.5 2.6 1.54;+2.75 2.81 1.48;+3.5 4.68 1.21
Vissel Kobe - Gamba Osaka,"Saturday, 27 Feb 2021, 07:00","Final result 1:0 (0:0, 1:0)",2.49 3.59 2.88,;-1 4.07 1.27;-0.75 2.99 1.43;-0.5 2.48 1.6;-0.25 2.1399999999999997 1.78;0 1.8199999999999998 2.1100000000000003;+0.25 1.6 2.48;+0.5 1.47 2.8600000000000003;+0.75 1.33 3.55;+1 1.2 5.1,;+1.5 1.24 4.32;+2.25 1.5699999999999998 2.52;+2.5 1.78 2.1100000000000003;+2.75 2.0 1.88;+3 2.35 1.65;+3.25 2.6799999999999997 1.51;+3.5 2.99 1.42;+4.5 5.84 1.16
Cerezo Osaka - Kashiwa Reysol,"Saturday, 27 Feb 2021, 06:00","Final result 2:0 (1:0, 1:0)",2.5 3.54 2.9,;-1 4.2 1.26;-0.75 3.02 1.42;-0.5 2.49 1.6;-0.25 2.15 1.78;0 1.81 2.1100000000000003;+0.25 1.5899999999999999 2.49;+0.5 1.47 2.88;+0.75 1.32 3.6;+1 1.19 5.22,;+1.5 1.31 3.63;+2 1.49 2.75;+2.25 1.74 2.17;+2.5 2.0 1.88;+2.75 2.2800000000000002 1.6800000000000002;+3 2.8 1.48;+3.5 3.51 1.33;+4.5 7.17 1.12
Kashima Antlers - Shimizu S-Pulse,"Saturday, 27 Feb 2021, 05:00","Final result 1:3 (0:0, 1:3)",1.6800000000000002 4.21 5.05,;-1.75 3.4 1.35;-1.5 2.7800000000000002 1.48;-1.25 2.4699999999999998 1.6;-1 2.15 1.78;-0.75 1.85 2.06;-0.5 1.67 2.3200000000000003;-0.25 1.48 2.8200000000000003;0 1.29 3.88;+0.25 1.24 4.42,;+1.5 1.18 5.3;+2.5 1.6 2.45;+2.75 1.74 2.1799999999999997;+3 1.96 1.9300000000000002;+3.25 2.23 1.71;+3.5 2.5 1.5699999999999998;+4.5 4.55 1.22
Shonan Bellmare - Sagan Tosu,"Saturday, 27 Feb 2021, 05:00","Final result 0:1 (0:0, 0:1)",3.35 3.17 2.42,;-0.75 4.41 1.24;-0.5 3.31 1.37;-0.25 2.83 1.48;0 2.3200000000000003 1.67;+0.25 1.8599999999999999 2.05;+0.5 1.63 2.41;+0.75 1.44 2.99;+1 1.25 4.3;+1.25 1.21 4.92,;+1.5 1.53 2.62;+1.75 1.6800000000000002 2.2800000000000002;+2 1.94 1.94;+2.25 2.2800000000000002 1.6800000000000002;+2.5 2.62 1.53;+3.5 5.22 1.18
Hokkaido Consadole Sapporo - Yokohama FC,"Saturday, 27 Feb 2021, 04:00","Final result 5:1 (4:1, 1:0)",1.6 4.42 5.51,;-2 4.470000000000001 1.24;-1.75 3.25 1.38;-1.5 2.67 1.53;-1.25 2.35 1.6600000000000001;-1 2.0300000000000002 1.88;-0.75 1.75 2.1799999999999997;-0.5 1.6 2.48;-0.25 1.42 3.04;0 1.25 4.29;+0.25 1.23 4.55,;+1.5 1.2 4.84;+2.25 1.48 2.7800000000000002;+2.5 1.67 2.3;+2.75 1.85 2.05;+3 2.1100000000000003 1.79;+3.25 2.41 1.6099999999999999;+3.5 2.7 1.5;+4.5 5.05 1.19
Oita Trinita - Tokushima,"Saturday, 27 Feb 2021, 04:00","Final result 1:1 (0:1, 1:0)",2.8 3.04 2.9299999999999997,;-1.25 5.08 1.2;-1 5.27 1.19;-0.75 3.51 1.34;-0.5 2.79 1.49;-0.25 2.35 1.6600000000000001;0 1.9100000000000001 2.0;+0.25 1.6099999999999999 2.45;+0.5 1.46 2.91;+0.75 1.3 3.78;+1 1.15 6.15,;+1.5 1.56 2.55;+1.75 1.72 2.2;+2 2.0300000000000002 1.8599999999999999;+2.25 2.41 1.62;+2.5 2.7800000000000002 1.48;+3.5 5.33 1.18
Sanfrecce Hiroshima - Vegalta Sendai,"Saturday, 27 Feb 2021, 04:00","Final result 1:1 (1:0, 0:1)",1.5699999999999998 4.33 6.11,;-2 4.43 1.24;-1.75 3.21 1.38;-1.5 2.63 1.54;-1.25 2.3 1.6800000000000002;-1 1.98 1.9300000000000002;-0.75 1.71 2.24;-0.5 1.56 2.5700000000000003;-0.25 1.3900000000000001 3.2;0 1.22 4.720000000000001,;+1.5 1.27 4.02;+2 1.41 3.1;+2.25 1.63 2.3899999999999997;+2.5 1.85 2.04;+2.75 2.0700000000000003 1.81;+3 2.44 1.6;+3.25 2.7 1.51;+3.5 3.07 1.4;+4.5 5.95 1.15
Urawa Reds - FC Tokyo,"Saturday, 27 Feb 2021, 04:00","Final result 1:1 (0:0, 1:1)",3.45 3.61 2.17,;-0.75 4.38 1.24;-0.5 3.41 1.35;-0.25 2.98 1.44;0 2.52 1.58;+0.25 2.0300000000000002 1.88;+0.5 1.77 2.16;+0.75 1.56 2.5700000000000003;+1 1.35 3.39;+1.25 1.29 3.88,;+1.5 1.31 3.61;+2 1.51 2.71;+2.25 1.77 2.13;+2.5 2.04 1.85;+2.75 2.3200000000000003 1.6600000000000001;+3 2.83 1.47;+3.5 3.51 1.33;+4.5 7.02 1.12
Kawasaki Frontale - Yokohama F. Marinos,"Friday, 26 Feb 2021, 08:00","Final result 2:0 (2:0, 0:0)",1.46 5.62 5.94,;-2.25 3.4 1.35;-1.75 2.4299999999999997 1.62;-1.5 2.1 1.81;-1.25 1.8900000000000001 2.02;-1 1.67 2.33;-0.75 1.54 2.6399999999999997;-0.5 1.45 2.92;-0.25 1.33 3.58,;+1.5 1.1 7.98;+2.5 1.3599999999999999 3.32;+3 1.52 2.65;+3.25 1.72 2.2;+3.5 1.9300000000000002 1.95;+3.75 2.16 1.75;+4 2.55 1.56;+4.5 3.14 1.3900000000000001;+5.5 5.74 1.16
Kashima Antlers - Kashiwa Reysol,"Wednesday, 07 Apr 2021, 10:00","Final result 2:1 (0:0, 2:1)",1.85 3.9 4.27,;-2.5 7.48 1.12;-1.5 3.4 1.35;-1 2.6 1.55;-0.75 2.1100000000000003 1.8;-0.5 1.85 2.06;-0.25 1.62 2.4299999999999997;0 1.3900000000000001 3.22;+0.5 1.26 4.21,;+1.5 1.27 3.95;+2 1.42 3.05;+2.25 1.6400000000000001 2.3600000000000003;+2.5 1.88 2.02;+2.75 2.1100000000000003 1.79;+3 2.52 1.5699999999999998;+3.5 3.2 1.38;+4.5 6.36 1.1400000000000001
Yokohama F. Marinos - Cerezo Osaka,"Tuesday, 06 Apr 2021, 10:00","Final result 1:0 (0:0, 1:0)",1.69 4.4399999999999995 4.65,;-2.5 6.34 1.15;-1.5 2.92 1.45;-1.25 2.58 1.56;-1 2.2199999999999998 1.73;-0.75 1.88 2.02;-0.5 1.6800000000000002 2.29;-0.25 1.51 2.74;+0.5 1.23 4.58,;+1.5 1.18 5.33;+2.5 1.5899999999999999 2.4699999999999998;+2.75 1.72 2.2;+3 1.94 1.94;+3.25 2.21 1.72;+3.5 2.48 1.58;+4.5 4.45 1.23
Shimizu S-Pulse - Tokushima,"Sunday, 04 Apr 2021, 05:00","Final result 0:3 (0:1, 0:2)",2.3600000000000003 3.33 3.29,;-1.5 5.18 1.19;-0.75 2.88 1.47;-0.5 2.35 1.6600000000000001;-0.25 2.02 1.8900000000000001;0 1.67 2.33;+0.25 1.49 2.8;+0.5 1.38 3.25;+1.5 1.11 7.82,;+1.5 1.44 2.8899999999999997;+1.75 1.5699999999999998 2.52;+2 1.77 2.1399999999999997;+2.25 2.1 1.81;+2.5 2.41 1.6099999999999999;+2.75 2.84 1.47;+3.5 4.35 1.24
Kawasaki Frontale - Oita Trinita,"Saturday, 03 Apr 2021, 10:00","Final result 2:0 (1:0, 1:0)",1.21 7.39 13.7,;-3.5 5.35 1.18;-2.5 2.77 1.48;-2.25 2.4699999999999998 1.5899999999999999;-2 2.16 1.75;-1.75 1.88 2.02;-1.5 1.69 2.26;-1.25 1.49 2.75;-0.5 1.2 4.9399999999999995,;+1.5 1.17 5.28;+2.5 1.54 2.56;+2.75 1.6800000000000002 2.27;+3 1.8900000000000001 1.98;+3.25 2.16 1.74;+3.5 2.44 1.5899999999999999;+4.5 4.390000000000001 1.23
Yokohama FC - Kashiwa Reysol,"Saturday, 03 Apr 2021, 08:00","Final result 1:1 (1:0, 0:1)",4.6899999999999995 3.78 1.81,;-0.5 4.62 1.23;+0.25 2.54 1.5699999999999998;+0.5 2.1100000000000003 1.8;+0.75 1.85 2.0700000000000003;+1 1.5699999999999998 2.55;+1.25 1.44 2.98;+1.5 1.35 3.39;+2.5 1.11 8.04,;+1.5 1.31 3.64;+2 1.5 2.71;+2.25 1.78 2.13;+2.5 2.06 1.8399999999999999;+2.75 2.33 1.65;+3 2.8200000000000003 1.47;+3.5 3.48 1.33;+4.5 6.68 1.13
Urawa Reds - Kashima Antlers,"Saturday, 03 Apr 2021, 06:00","Final result 2:1 (1:1, 1:0)",4.07 3.74 1.9300000000000002,;-0.5 4.02 1.27;0 3.02 1.43;+0.25 2.31 1.6800000000000002;+0.5 1.97 1.9300000000000002;+0.75 1.74 2.2;+1 1.52 2.69;+1.5 1.35 3.42;+2.5 1.11 7.56,;+1.5 1.28 3.94;+2 1.43 2.96;+2.25 1.6800000000000002 2.27;+2.5 1.94 1.94;+2.75 2.1799999999999997 1.74;+3 2.58 1.55;+3.5 3.19 1.38;+4.5 6.17 1.15
Avispa Fukuoka - Hokkaido Consadole Sapporo,"Saturday, 03 Apr 2021, 05:00","Final result 1:2 (0:1, 1:1)",5.42 4.13 1.65,;-0.5 5.33 1.18;+0.25 2.92 1.46;+0.5 2.37 1.65;+0.75 2.09 1.83;+1 1.79 2.12;+1.25 1.6 2.4699999999999998;+1.5 1.48 2.79;+2.5 1.17 5.71,;+1.5 1.25 4.17;+2 1.4 3.13;+2.25 1.5899999999999999 2.4699999999999998;+2.5 1.8 2.09;+2.75 2.0300000000000002 1.8599999999999999;+3 2.4 1.62;+3.25 2.75 1.49;+3.5 3.07 1.4;+4.5 6.12 1.15
Nagoya Grampus - FC Tokyo,"Saturday, 03 Apr 2021, 05:00","Final result 0:0 (0:0, 0:0)",2.2199999999999998 3.2 3.77,;-1.5 5.15 1.19;-0.75 2.7199999999999998 1.51;-0.5 2.21 1.74;-0.25 1.88 2.0300000000000002;0 1.54 2.63;+0.25 1.4 3.2;+0.5 1.31 3.73,;+1.5 1.5699999999999998 2.52;+1.75 1.74 2.17;+2 2.0700000000000003 1.83;+2.25 2.45 1.6;+2.5 2.83 1.47;+3.5 5.62 1.17
Sanfrecce Hiroshima - Gamba Osaka,"Saturday, 03 Apr 2021, 05:00","Final result 0:0 (0:0, 0:0)",2.24 3.42 3.46,;-1.5 4.0 1.28;-1.25 3.9 1.29;-1 3.44 1.35;-0.75 2.6399999999999997 1.53;-0.5 2.23 1.72;-0.25 1.9300000000000002 1.98;0 1.6 2.48;+0.25 1.44 2.96;+0.5 1.35 3.42;+0.75 1.24 4.470000000000001,;+1.5 1.3 3.7;+2 1.48 2.8;+2.25 1.73 2.2;+2.5 1.99 1.9;+2.75 2.26 1.69;+3 2.73 1.5;+3.5 3.42 1.34;+4.5 6.97 1.12
Vegalta Sendai - Vissel Kobe,"Saturday, 03 Apr 2021, 05:00","Final result 0:2 (0:2, 0:0)",3.27 3.79 2.1799999999999997,;-1.5 7.49 1.12;-0.5 3.23 1.38;-0.25 2.84 1.48;0 2.4299999999999997 1.62;+0.25 2.0 1.9;+0.5 1.76 2.17;+0.75 1.5699999999999998 2.54;+1.5 1.27 4.02,;+1.5 1.25 4.24;+2.25 1.5699999999999998 2.5;+2.5 1.78 2.1100000000000003;+2.75 2.0 1.88;+3 2.34 1.65;+3.25 2.67 1.52;+3.5 2.9699999999999998 1.42;+4.5 5.83 1.16
Yokohama F. Marinos - Shonan Bellmare,"Saturday, 03 Apr 2021, 04:00","Final result 1:1 (0:0, 1:1)",1.52 4.87 5.94,;-2.5 4.55 1.23;-1.5 2.46 1.6099999999999999;-1.25 2.15 1.77;-1 1.85 2.06;-0.75 1.6400000000000001 2.38;-0.5 1.51 2.7199999999999998;+0.5 1.16 5.82,;+1.5 1.17 5.44;+2.5 1.55 2.5700000000000003;+2.75 1.6800000000000002 2.27;+3 1.9100000000000001 1.98;+3.25 2.19 1.73;+3.5 2.48 1.58;+4.5 4.45 1.23
Cerezo Osaka - Sagan Tosu,"Friday, 02 Apr 2021, 10:00","Final result 1:0 (0:0, 1:0)",2.27 3.3 3.52,;-1.25 4.52 1.23;-1 3.91 1.29;-0.75 2.77 1.5;-0.5 2.26 1.7;-0.25 1.9300000000000002 1.97;0 1.6 2.49;+0.25 1.44 3.0;+0.5 1.34 3.48;+0.75 1.23 4.609999999999999,;+1.5 1.45 2.85;+1.75 1.5699999999999998 2.51;+2 1.75 2.16;+2.25 2.05 1.85;+2.5 2.33 1.65;+2.75 2.8 1.48;+3.5 4.63 1.22
Kashima Antlers - Nagoya Grampus,"Sunday, 21 Mar 2021, 06:00","Final result 0:1 (0:0, 0:1)",2.34 3.36 3.31,;-1.5 4.98 1.2;-0.75 2.83 1.48;-0.5 2.33 1.67;-0.25 2.0 1.9100000000000001;0 1.65 2.35;+0.25 1.48 2.83;+0.5 1.37 3.27;+1.5 1.1 8.32,;+1.5 1.46 2.87;+1.75 1.5899999999999999 2.4699999999999998;+2 1.8199999999999998 2.08;+2.25 2.17 1.75;+2.5 2.51 1.5699999999999998;+3.5 4.67 1.22
Kashiwa Reysol - Shimizu S-Pulse,"Sunday, 21 Mar 2021, 06:00","Final result 1:2 (0:2, 1:0)",2.38 3.5 3.12,;-1.25 4.390000000000001 1.24;-1 3.88 1.29;-0.75 2.8600000000000003 1.47;-0.5 2.3600000000000003 1.65;-0.25 2.05 1.8599999999999999;0 1.71 2.25;+0.25 1.52 2.6799999999999997;+0.5 1.41 3.08;+0.75 1.28 3.95,;+1.5 1.33 3.5;+2 1.53 2.63;+2.25 1.8 2.09;+2.5 2.08 1.83;+2.75 2.38 1.63;+3 2.95 1.44;+3.5 3.69 1.3;+4.5 7.54 1.11
Shonan Bellmare - Cerezo Osaka,"Sunday, 21 Mar 2021, 05:00","Final result 0:0 (0:0, 0:0)",4.4 3.53 1.9300000000000002,;-0.5 4.34 1.25;0 3.21 1.3900000000000001;+0.25 2.35 1.65;+0.5 1.98 1.9300000000000002;+0.75 1.72 2.23;+1 1.47 2.8600000000000003;+1.5 1.3 3.78,;+1.5 1.38 3.2;+1.75 1.48 2.81;+2 1.63 2.3899999999999997;+2.25 1.9300000000000002 1.96;+2.5 2.21 1.72;+2.75 2.6 1.54;+3.5 4.17 1.25
Urawa Reds - Kawasaki Frontale,"Sunday, 21 Mar 2021, 05:00","Final result 0:5 (0:1, 0:4)",7.95 5.21 1.4,;-0.5 7.74 1.11;+0.5 3.19 1.3900000000000001;+0.75 2.81 1.49;+1 2.41 1.63;+1.25 2.0 1.9100000000000001;+1.5 1.76 2.1799999999999997;+1.75 1.58 2.5300000000000002;+2.5 1.28 3.93;+3.5 1.11 8.01,;+1.5 1.21 4.75;+2.5 1.6400000000000001 2.3600000000000003;+2.75 1.79 2.1100000000000003;+3 2.04 1.85;+3.25 2.31 1.6600000000000001;+3.5 2.59 1.54;+4.5 4.58 1.22
Oita Trinita - Sanfrecce Hiroshima,"Sunday, 21 Mar 2021, 04:00","Final result 1:3 (0:0, 1:3)",3.91 3.3 2.13,;-0.5 3.85 1.29;-0.25 3.32 1.37;0 2.76 1.5;+0.25 2.1100000000000003 1.8199999999999998;+0.5 1.79 2.12;+0.75 1.5699999999999998 2.54;+1 1.3599999999999999 3.38;+1.5 1.24 4.45,;+1.5 1.48 2.7800000000000002;+1.75 1.62 2.41;+2 1.8599999999999999 2.0300000000000002;+2.25 2.2 1.72;+2.5 2.55 1.56;+3.5 4.82 1.21
Sagan Tosu - Avispa Fukuoka,"Sunday, 21 Mar 2021, 04:00","Final result 0:0 (0:0, 0:0)",1.97 3.35 4.5,;-1.5 4.29 1.25;-1 3.17 1.4;-0.75 2.34 1.6600000000000001;-0.5 1.97 1.9300000000000002;-0.25 1.6800000000000002 2.31;0 1.3900000000000001 3.21;+0.5 1.24 4.43,;+1.5 1.56 2.54;+1.75 1.72 2.2;+2 2.0300000000000002 1.8599999999999999;+2.25 2.4 1.62;+2.5 2.77 1.49;+3.5 5.77 1.16
Tokushima - Yokohama FC,"Sunday, 21 Mar 2021, 04:00","Final result 2:1 (1:0, 1:1)",1.8199999999999998 3.81 4.58,;-2.5 8.34 1.1;-1.5 3.54 1.33;-1.25 3.1 1.41;-1 2.63 1.54;-0.75 2.1 1.83;-0.5 1.81 2.09;-0.25 1.58 2.51;+0.5 1.23 4.51,;+1.5 1.35 3.38;+1.75 1.44 2.96;+2 1.5699999999999998 2.52;+2.25 1.8599999999999999 2.0300000000000002;+2.5 2.13 1.77;+2.75 2.4699999999999998 1.5899999999999999;+3.5 3.84 1.29;+4.5 7.79 1.11
FC Tokyo - Vegalta Sendai,"Sunday, 21 Mar 2021, 03:00","Final result 2:1 (2:1, 0:0)",1.6400000000000001 4.05 5.72,;-2.5 6.5 1.1400000000000001;-1.5 2.9699999999999998 1.43;-1.25 2.59 1.56;-1 2.19 1.75;-0.75 1.83 2.08;-0.5 1.63 2.4;-0.25 1.44 2.98;+0.5 1.17 5.61,;+1.5 1.32 3.59;+2 1.5 2.73;+2.25 1.74 2.17;+2.5 2.0 1.8900000000000001;+2.75 2.29 1.67;+3 2.85 1.47;+3.5 3.61 1.31;+4.5 7.49 1.11
Hokkaido Consadole Sapporo - Vissel Kobe,"Saturday, 20 Mar 2021, 04:00","Final result 3:4 (2:0, 1:4)",1.79 4.3100000000000005 4.16,;-2.5 6.55 1.1400000000000001;-1.5 3.18 1.3900000000000001;-1.25 2.8200000000000003 1.48;-1 2.44 1.62;-0.75 2.0300000000000002 1.88;-0.5 1.79 2.13;-0.25 1.5899999999999999 2.51;+0.5 1.27 4.1,;+1.5 1.19 5.15;+2.5 1.56 2.5300000000000002;+2.75 1.7 2.23;+3 1.94 1.94;+3.25 2.23 1.7;+3.5 2.5300000000000002 1.56;+4.5 4.76 1.21
Cerezo Osaka - Oita Trinita,"Wednesday, 17 Mar 2021, 09:00","Final result 1:0 (0:0, 1:0)",1.6400000000000001 4.09 5.68,;-2.5 7.3 1.12;-1.5 3.0 1.43;-1.25 2.6100000000000003 1.55;-1 2.19 1.75;-0.75 1.83 2.09;-0.5 1.63 2.4;-0.25 1.44 2.99;+0.5 1.17 5.57,;+1.5 1.38 3.18;+1.75 1.48 2.79;+2 1.63 2.38;+2.25 1.9300000000000002 1.96;+2.5 2.21 1.72;+2.75 2.6100000000000003 1.54;+3.5 4.26 1.25
Nagoya Grampus - Yokohama FC,"Wednesday, 17 Mar 2021, 09:00","Final result 3:0 (0:0, 3:0)",1.5699999999999998 3.98 6.85,;-2.5 6.8 1.13;-1.5 2.88 1.47;-1.25 2.4699999999999998 1.6;-1 2.08 1.8399999999999999;-0.75 1.75 2.19;-0.5 1.5699999999999998 2.55;+0.5 1.1400000000000001 6.69,;+1.5 1.43 2.9699999999999998;+1.75 1.55 2.58;+2 1.75 2.17;+2.25 2.08 1.8199999999999998;+2.5 2.4 1.62;+2.75 2.88 1.46;+3.5 4.7 1.21
Sagan Tosu - Kashiwa Reysol,"Wednesday, 17 Mar 2021, 09:00","Final result 2:0 (1:0, 1:0)",3.0 3.31 2.55,;-1.5 7.07 1.13;-0.5 2.98 1.44;-0.25 2.55 1.5699999999999998;0 2.13 1.81;+0.25 1.76 2.17;+0.5 1.5699999999999998 2.54;+1.5 1.18 5.37,;+1.5 1.41 3.03;+1.75 1.53 2.62;+2 1.73 2.19;+2.25 2.08 1.8199999999999998;+2.5 2.41 1.6099999999999999;+2.75 2.83 1.47;+3.5 4.3 1.24
Sanfrecce Hiroshima - Shimizu S-Pulse,"Wednesday, 17 Mar 2021, 09:00","Final result 1:0 (0:0, 1:0)",1.8900000000000001 3.74 4.27,;-1.5 3.69 1.31;-1 2.7800000000000002 1.49;-0.75 2.19 1.75;-0.5 1.8900000000000001 2.01;-0.25 1.6400000000000001 2.38;0 1.4 3.17;+0.5 1.26 4.21,;+1.5 1.32 3.59;+2 1.51 2.71;+2.25 1.76 2.15;+2.5 2.0300000000000002 1.8599999999999999;+2.75 2.33 1.65;+3 2.88 1.45;+3.5 3.64 1.31;+4.5 7.52 1.11
Vissel Kobe - Kawasaki Frontale,"Wednesday, 17 Mar 2021, 09:00","Final result 1:1 (0:0, 1:1)",6.34 4.51 1.53,;-0.5 6.21 1.15;+0.5 2.67 1.53;+0.75 2.35 1.6600000000000001;+1 2.0300000000000002 1.88;+1.25 1.76 2.17;+1.5 1.6 2.4699999999999998;+2.5 1.22 4.720000000000001,;+1.5 1.18 5.33;+2.5 1.6 2.45;+2.75 1.74 2.1799999999999997;+3 1.96 1.9300000000000002;+3.25 2.23 1.7;+3.5 2.51 1.5699999999999998;+4.5 4.4399999999999995 1.23
Yokohama F. Marinos - Tokushima,"Wednesday, 17 Mar 2021, 09:00","Final result 1:0 (1:0, 0:0)",1.52 4.92 5.88,;-2.5 4.6899999999999995 1.22;-1.75 2.83 1.48;-1.5 2.4 1.63;-1.25 2.1100000000000003 1.8;-1 1.83 2.08;-0.75 1.63 2.4;-0.5 1.51 2.7199999999999998;+0.5 1.17 5.77,;+1.5 1.17 5.57;+2.5 1.56 2.54;+2.75 1.69 2.26;+3 1.9100000000000001 1.98;+3.25 2.1799999999999997 1.74;+3.5 2.45 1.6;+4.5 4.43 1.23
Avispa Fukuoka - Kashima Antlers,"Wednesday, 17 Mar 2021, 08:00","Final result 1:0 (0:0, 1:0)",6.06 4.1 1.6099999999999999,;-0.5 5.93 1.16;+0.25 3.05 1.43;+0.5 2.4699999999999998 1.6;+0.75 2.13 1.79;+1 1.8 2.1399999999999997;+1.25 1.58 2.5300000000000002;+1.5 1.45 2.9299999999999997;+2.5 1.1400000000000001 6.64,;+1.5 1.35 3.33;+1.75 1.44 2.9299999999999997;+2 1.58 2.5;+2.25 1.8599999999999999 2.0300000000000002;+2.5 2.13 1.77;+2.75 2.46 1.5899999999999999;+3.5 3.77 1.29;+4.5 7.39 1.11
FC Tokyo - Shonan Bellmare,"Wednesday, 17 Mar 2021, 08:00","Final result 3:2 (2:1, 1:1)",2.0 3.4 4.27,;-1.5 4.01 1.28;-1 3.05 1.43;-0.75 2.34 1.6600000000000001;-0.5 2.0 1.9100000000000001;-0.25 1.7 2.26;0 1.42 3.06;+0.5 1.26 4.21,;+1.5 1.44 2.9;+1.75 1.56 2.54;+2 1.75 2.17;+2.25 2.06 1.8399999999999999;+2.5 2.3600000000000003 1.6400000000000001;+2.75 2.77 1.49;+3.5 4.29 1.24
Urawa Reds - Hokkaido Consadole Sapporo,"Wednesday, 17 Mar 2021, 08:00","Final result 0:0 (0:0, 0:0)",3.61 3.71 2.0700000000000003,;-0.5 3.57 1.33;0 2.67 1.53;+0.25 2.12 1.79;+0.5 1.8399999999999999 2.0700000000000003;+0.75 1.63 2.4;+1 1.43 3.05;+1.5 1.29 3.87,;+1.5 1.26 4.12;+2 1.3900000000000001 3.17;+2.25 1.6099999999999999 2.41;+2.5 1.85 2.05;+2.75 2.0700000000000003 1.81;+3 2.4699999999999998 1.5899999999999999;+3.25 2.77 1.49;+3.5 3.14 1.3900000000000001;+4.5 6.25 1.1400000000000001
Oita Trinita - FC Tokyo,"Sunday, 14 Mar 2021, 05:00","Final result 1:1 (0:1, 1:0)",3.68 3.38 2.17,;-0.5 3.63 1.32;-0.25 3.14 1.41;0 2.62 1.54;+0.25 2.05 1.8599999999999999;+0.5 1.76 2.16;+0.75 1.56 2.59;+1.5 1.23 4.5,;+1.5 1.43 2.92;+1.75 1.56 2.55;+2 1.75 2.16;+2.25 2.09 1.8199999999999998;+2.5 2.4 1.62;+2.75 2.84 1.47;+3.5 4.46 1.23
Shimizu S-Pulse - Sagan Tosu,"Sunday, 14 Mar 2021, 04:00","Final result 0:0 (0:0, 0:0)",2.8200000000000003 3.3 2.7,;-1.5 6.47 1.1400000000000001;-0.5 2.81 1.49;-0.25 2.4 1.63;0 1.99 1.9100000000000001;+0.25 1.6800000000000002 2.3;+0.5 1.52 2.69;+1.5 1.17 5.71,;+1.5 1.37 3.26;+1.75 1.46 2.85;+2 1.6099999999999999 2.41;+2.25 1.92 1.97;+2.5 2.2 1.72;+2.75 2.5700000000000003 1.55;+3.5 3.98 1.27
Yokohama F. Marinos - Urawa Reds,"Sunday, 14 Mar 2021, 03:00","Final result 3:0 (2:0, 1:0)",1.65 4.51 4.96,;-2.5 5.17 1.19;-1.5 2.66 1.53;-1.25 2.3600000000000003 1.65;-1 2.06 1.85;-0.75 1.79 2.12;-0.5 1.6400000000000001 2.3899999999999997;+0.5 1.21 4.88,;+1.5 1.17 5.47;+2.5 1.51 2.65;+2.75 1.63 2.38;+3 1.79 2.1;+3.25 2.05 1.85;+3.5 2.2800000000000002 1.6800000000000002;+3.75 2.69 1.51;+4.5 4.26 1.25
Vissel Kobe - Nagoya Grampus,"Saturday, 13 Mar 2021, 08:00","Final result 0:1 (0:1, 0:0)",3.12 3.34 2.45,;-1.5 7.13 1.12;-0.5 3.09 1.41;-0.25 2.66 1.53;0 2.21 1.73;+0.25 1.83 2.1;+0.5 1.6099999999999999 2.44;+0.75 1.43 3.01;+1.5 1.18 5.42,;+1.5 1.41 3.01;+1.75 1.53 2.62;+2 1.72 2.21;+2.25 2.05 1.85;+2.5 2.3600000000000003 1.6400000000000001;+2.75 2.75 1.49;+3.5 4.13 1.26;+4.5 8.11 1.1
Kawasaki Frontale - Kashiwa Reysol,"Saturday, 13 Mar 2021, 07:00","Final result 1:0 (0:0, 1:0)",1.35 5.65 8.7,;-3.5 6.51 1.1400000000000001;-2.5 3.32 1.37;-2 2.67 1.53;-1.75 2.23 1.72;-1.5 1.98 1.9300000000000002;-1.25 1.75 2.19;-1 1.52 2.7;-0.5 1.34 3.48,;+1.5 1.15 6.19;+2.5 1.45 2.87;+2.75 1.55 2.58;+3 1.69 2.26;+3.25 1.9300000000000002 1.95;+3.5 2.16 1.75;+3.75 2.48 1.58;+4.5 3.71 1.3;+5.5 7.45 1.11
Kashima Antlers - Sanfrecce Hiroshima,"Saturday, 13 Mar 2021, 06:00","Final result 1:1 (0:1, 1:0)",2.05 3.76 3.64,;-1.5 4.25 1.25;-1.25 3.73 1.31;-1 3.23 1.3900000000000001;-0.75 2.42 1.62;-0.5 2.05 1.8599999999999999;-0.25 1.78 2.15;0 1.52 2.71;+0.25 1.4 3.15;+0.5 1.32 3.6,;+1.5 1.3 3.72;+2 1.46 2.85;+2.25 1.69 2.25;+2.5 1.94 1.94;+2.75 2.2 1.72;+3 2.6799999999999997 1.51;+3.5 3.4 1.34;+4.5 6.77 1.13
Shonan Bellmare - Vegalta Sendai,"Saturday, 13 Mar 2021, 06:00","Final result 3:1 (1:0, 2:1)",2.45 3.25 3.21,;-1.5 5.26 1.19;-0.75 2.99 1.44;-0.5 2.44 1.62;-0.25 2.08 1.83;0 1.71 2.25;+0.25 1.51 2.7199999999999998;+0.5 1.3900000000000001 3.17;+1.5 1.11 7.77,;+1.5 1.44 2.92;+1.75 1.56 2.55;+2 1.75 2.16;+2.25 2.0700000000000003 1.83;+2.5 2.37 1.63;+2.75 2.81 1.47;+3.5 4.46 1.23
Yokohama FC - Cerezo Osaka,"Saturday, 13 Mar 2021, 06:00","Final result 1:4 (0:1, 1:3)",4.6 3.94 1.79,;-0.5 4.529999999999999 1.23;+0.25 2.5700000000000003 1.56;+0.5 2.1399999999999997 1.78;+0.75 1.8900000000000001 2.02;+1 1.63 2.42;+1.25 1.49 2.8;+1.5 1.3900000000000001 3.16;+2.5 1.13 6.95,;+1.5 1.29 3.78;+2 1.46 2.8600000000000003;+2.25 1.71 2.23;+2.5 1.96 1.9300000000000002;+2.75 2.2199999999999998 1.71;+3 2.6799999999999997 1.51;+3.5 3.35 1.35;+4.5 6.63 1.13
Tokushima - Avispa Fukuoka,"Saturday, 13 Mar 2021, 04:00","Final result 1:2 (1:0, 0:2)",2.59 3.06 3.18,;-1.5 6.49 1.1400000000000001;-0.75 3.26 1.38;-0.5 2.58 1.56;-0.25 2.17 1.76;0 1.77 2.1799999999999997;+0.25 1.53 2.67;+0.5 1.4 3.16;+1.5 1.11 7.74,;+1.5 1.56 2.5300000000000002;+1.75 1.74 2.19;+2 2.05 1.85;+2.25 2.4299999999999997 1.6099999999999999;+2.5 2.81 1.48;+2.75 2.92 1.45;+3.5 5.56 1.17
Cerezo Osaka - Shimizu S-Pulse,"Wednesday, 10 Mar 2021, 09:00","Final result 2:1 (1:1, 1:0)",2.1399999999999997 3.61 3.51,;-1.5 4.279999999999999 1.25;-0.75 2.5300000000000002 1.58;-0.5 2.13 1.78;-0.25 1.85 2.06;0 1.56 2.5700000000000003;+0.25 1.43 3.03;+0.5 1.34 3.47;+1.5 1.1 8.26,;+1.5 1.33 3.49;+2 1.53 2.63;+2.25 1.79 2.1;+2.5 2.0700000000000003 1.83;+2.75 2.37 1.63;+3 2.91 1.45;+3.5 3.62 1.31;+4.5 7.36 1.11
Kashima Antlers - Shonan Bellmare,"Wednesday, 10 Mar 2021, 09:00","Final result 3:1 (1:0, 2:1)",1.43 4.779999999999999 8.120000000000001,;-2.5 4.41 1.24;-2.25 3.58 1.33;-2 3.1 1.41;-1.75 2.66 1.53;-1.5 2.24 1.71;-1.25 1.97 1.9300000000000002;-1 1.6800000000000002 2.3;-0.75 1.52 2.6799999999999997;-0.5 1.42 3.04;-0.25 1.24 4.390000000000001;+0.5 1.11 7.9,;+1.5 1.25 4.2;+2.25 1.5899999999999999 2.4699999999999998;+2.5 1.81 2.08;+2.75 2.01 1.88;+3 2.33 1.65;+3.25 2.62 1.53;+3.5 2.9 1.44;+4.5 5.51 1.17
Kawasaki Frontale - Tokushima,"Wednesday, 10 Mar 2021, 09:00","Final result 2:0 (2:0, 0:0)",1.21 7.3 13.78,;-3.5 4.55 1.22;-2.5 2.62 1.52;-2.25 2.35 1.6400000000000001;-2 2.0700000000000003 1.8199999999999998;-1.75 1.83 2.08;-1.5 1.6600000000000001 2.3200000000000003;-1.25 1.47 2.81;-0.5 1.2 4.91,;+1.5 1.12 7.06;+2.5 1.41 3.01;+2.75 1.5 2.71;+3 1.62 2.38;+3.25 1.85 2.0300000000000002;+3.5 2.06 1.81;+3.75 2.31 1.65;+4.5 3.24 1.3599999999999999;+5.5 5.68 1.16
Sagan Tosu - Vegalta Sendai,"Wednesday, 10 Mar 2021, 09:00","Final result 5:0 (3:0, 2:0)",2.08 3.51 3.8,;-1.5 4.390000000000001 1.24;-1.25 3.86 1.29;-1 3.34 1.37;-0.75 2.4699999999999998 1.6;-0.5 2.08 1.8399999999999999;-0.25 1.79 2.13;0 1.5 2.76;+0.25 1.38 3.25;+0.5 1.3 3.76,;+1.5 1.41 3.03;+1.75 1.52 2.67;+2 1.6800000000000002 2.2800000000000002;+2.25 1.97 1.92;+2.5 2.24 1.7;+2.75 2.66 1.52;+3.5 4.35 1.24
Sanfrecce Hiroshima - Hokkaido Consadole Sapporo,"Wednesday, 10 Mar 2021, 09:00","Final result 2:1 (2:1, 0:0)",2.73 3.55 2.63,;-1 4.6 1.23;-0.75 3.32 1.3599999999999999;-0.5 2.71 1.51;-0.25 2.35 1.6600000000000001;0 1.99 1.92;+0.25 1.7 2.27;+0.5 1.54 2.62;+0.75 1.38 3.21;+1 1.23 4.52,;+1.5 1.27 4.029999999999999;+2 1.4 3.12;+2.25 1.6099999999999999 2.42;+2.5 1.83 2.05;+2.75 2.06 1.8399999999999999;+3 2.42 1.6099999999999999;+3.25 2.75 1.49;+3.5 3.07 1.4;+4.5 6.12 1.15
Avispa Fukuoka - Yokohama F. Marinos,"Wednesday, 10 Mar 2021, 08:00","Final result 1:3 (0:1, 1:2)",4.54 4.1899999999999995 1.75,;-0.25 3.97 1.28;0 3.48 1.34;+0.25 2.62 1.54;+0.5 2.19 1.74;+0.75 1.94 1.96;+1 1.67 2.3200000000000003;+1.25 1.52 2.6799999999999997;+1.5 1.42 3.02;+1.75 1.3 3.77,;+1.5 1.21 4.6899999999999995;+2.25 1.5 2.7199999999999998;+2.5 1.69 2.26;+2.75 1.8599999999999999 2.0300000000000002;+3 2.1 1.79;+3.25 2.37 1.63;+3.5 2.63 1.52;+4.5 4.66 1.22
FC Tokyo - Vissel Kobe,"Wednesday, 10 Mar 2021, 08:00","Final result 2:3 (0:1, 2:2)",2.1799999999999997 3.67 3.36,;-1.25 4.029999999999999 1.27;-1 3.5 1.34;-0.75 2.6 1.55;-0.5 2.17 1.76;-0.25 1.8900000000000001 2.01;0 1.6 2.4699999999999998;+0.25 1.46 2.91;+0.5 1.3599999999999999 3.32;+0.75 1.25 4.26,;+1.5 1.34 3.44;+1.75 1.42 3.03;+2 1.54 2.59;+2.25 1.8199999999999998 2.08;+2.5 2.08 1.81;+2.75 2.41 1.6099999999999999;+3.5 3.75 1.3;+4.5 7.72 1.11
Kashiwa Reysol - Nagoya Grampus,"Wednesday, 10 Mar 2021, 08:00","Final result 0:1 (0:0, 0:1)",2.9 3.38 2.59,;-1.5 6.37 1.1400000000000001;-0.5 2.88 1.47;-0.25 2.4699999999999998 1.6;0 2.0700000000000003 1.85;+0.25 1.74 2.21;+0.5 1.56 2.5700000000000003;+1.5 1.16 5.9,;+1.5 1.3900000000000001 3.14;+1.75 1.49 2.75;+2 1.65 2.34;+2.25 1.96 1.9300000000000002;+2.5 2.25 1.7;+2.75 2.6399999999999997 1.53;+3.5 4.15 1.26
Urawa Reds - Yokohama FC,"Wednesday, 10 Mar 2021, 08:00","Final result 2:0 (2:0, 0:0)",1.99 3.72 3.87,;-1.5 3.84 1.29;-1 2.95 1.45;-0.75 2.31 1.6800000000000002;-0.5 1.99 1.9100000000000001;-0.25 1.72 2.2199999999999998;0 1.47 2.87;+0.5 1.3 3.82,;+1.5 1.29 3.77;+2 1.47 2.83;+2.25 1.72 2.2;+2.5 1.99 1.9;+2.75 2.25 1.69;+3 2.7199999999999998 1.5;+3.5 3.39 1.34;+4.5 6.77 1.13
Yokohama F. Marinos - Sanfrecce Hiroshima,"Sunday, 07 Mar 2021, 03:00","Final result 3:3 (1:3, 2:0)",2.26 3.75 3.13,;-1.5 4.26 1.25;-0.75 2.66 1.53;-0.5 2.25 1.71;-0.25 1.97 1.9300000000000002;0 1.67 2.3200000000000003;+0.25 1.51 2.71;+0.5 1.41 3.09;+1.5 1.13 6.94,;+1.5 1.24 4.3;+2.25 1.5699999999999998 2.51;+2.5 1.78 2.1100000000000003;+2.75 1.99 1.9;+3 2.31 1.67;+3.25 2.62 1.53;+3.5 2.91 1.44;+4.5 5.56 1.17
Kashiwa Reysol - Shonan Bellmare,"Saturday, 06 Mar 2021, 06:00","Final result 2:1 (1:1, 1:0)",1.85 3.81 4.37,;-2.5 8.05 1.11;-1.5 3.53 1.33;-1.25 3.04 1.43;-1 2.66 1.53;-0.75 2.13 1.79;-0.5 1.85 2.06;-0.25 1.6099999999999999 2.44;0 1.38 3.27;+0.5 1.25 4.3100000000000005,;+1.5 1.32 3.52;+2 1.52 2.67;+2.25 1.77 2.13;+2.5 2.04 1.85;+2.75 2.33 1.65;+3 2.8899999999999997 1.45;+3.5 3.63 1.31;+4.5 7.45 1.11
Cerezo Osaka - Gamba Osaka,"Sunday, 02 May 2021, 06:00","Final result 1:1 (0:0, 1:1)",2.3200000000000003 3.56 3.18,;-1.5 4.859999999999999 1.21;-0.75 2.79 1.49;-0.5 2.3 1.6800000000000002;-0.25 2.0 1.9100000000000001;0 1.6800000000000002 2.31;+0.25 1.51 2.74;+0.5 1.4 3.14;+1.5 1.12 7.52,;+1.5 1.3599999999999999 3.31;+1.75 1.45 2.91;+2 1.58 2.49;+2.25 1.8599999999999999 2.0300000000000002;+2.5 2.13 1.77;+2.75 2.49 1.58;+3.5 3.95 1.27
Oita Trinita - Shimizu S-Pulse,"Sunday, 02 May 2021, 05:00","Final result 1:0 (1:0, 0:0)",2.98 3.02 2.77,;-1.5 7.5 1.12;-0.5 2.9699999999999998 1.44;-0.25 2.5 1.5899999999999999;0 2.0300000000000002 1.88;+0.25 1.6800000000000002 2.31;+0.5 1.5 2.75;+1.5 1.12 7.5,;+1.25 1.44 2.92;+1.5 1.6800000000000002 2.29;+1.75 1.8900000000000001 2.0;+2 2.27 1.6800000000000002;+2.25 2.67 1.52;+2.5 3.05 1.41;+3.5 6.41 1.1400000000000001
Yokohama FC - Kashima Antlers,"Saturday, 01 May 2021, 08:00","Final result 0:3 (0:2, 0:1)",5.54 3.98 1.67,;-0.5 5.44 1.18;+0.25 2.9 1.46;+0.5 2.34 1.6600000000000001;+0.75 2.06 1.85;+1 1.76 2.16;+1.25 1.58 2.51;+1.5 1.47 2.84;+2.5 1.16 5.82,;+1.5 1.26 4.09;+2 1.4 3.13;+2.25 1.63 2.38;+2.5 1.87 2.0300000000000002;+2.75 2.09 1.8;+3 2.48 1.58;+3.25 2.74 1.49;+3.5 3.12 1.3900000000000001;+4.5 6.01 1.15
Sagan Tosu - Tokushima,"Saturday, 01 May 2021, 07:00","Final result 2:0 (0:0, 2:0)",2.17 3.14 4.01,;-1.5 5.27 1.19;-0.75 2.67 1.53;-0.5 2.16 1.76;-0.25 1.83 2.08;0 1.5 2.7800000000000002;+0.25 1.3599999999999999 3.38;+0.5 1.28 3.96,;+1.5 1.58 2.48;+1.75 1.75 2.16;+2 2.06 1.83;+2.25 2.42 1.6099999999999999;+2.5 2.79 1.48;+3.5 5.73 1.16
Vissel Kobe - Sanfrecce Hiroshima,"Saturday, 01 May 2021, 06:00","Final result 3:0 (3:0, 0:0)",3.12 3.35 2.45,;-1.5 7.28 1.12;-0.75 3.93 1.28;-0.5 3.09 1.41;-0.25 2.66 1.53;0 2.2199999999999998 1.73;+0.25 1.83 2.09;+0.5 1.62 2.4299999999999997;+0.75 1.44 2.99;+1 1.27 4.09;+1.25 1.22 4.65;+1.5 1.19 5.28,;+1.5 1.3900000000000001 3.15;+1.75 1.49 2.75;+2 1.6600000000000001 2.3200000000000003;+2.25 1.97 1.9100000000000001;+2.5 2.27 1.6800000000000002;+2.75 2.66 1.52;+3.5 4.12 1.26
Avispa Fukuoka - Urawa Reds,"Saturday, 01 May 2021, 05:00","Final result 2:0 (1:0, 1:0)",3.21 3.32 2.41,;-1.5 7.85 1.11;-0.75 4.17 1.26;-0.5 3.17 1.3900000000000001;-0.25 2.73 1.51;0 2.27 1.7;+0.25 1.85 2.06;+0.5 1.63 2.4;+0.75 1.45 2.95;+1 1.27 4.04;+1.25 1.23 4.6;+1.5 1.19 5.27,;+1.5 1.44 2.92;+1.75 1.56 2.54;+2 1.77 2.1399999999999997;+2.25 2.1100000000000003 1.8;+2.5 2.44 1.6;+2.75 2.88 1.46;+3.5 4.4399999999999995 1.23
FC Tokyo - Yokohama F. Marinos,"Saturday, 01 May 2021, 05:00","Final result 0:3 (0:1, 0:2)",3.56 4.12 1.98,;-1.5 7.44 1.12;-0.5 3.51 1.33;0 2.7199999999999998 1.51;+0.25 2.2 1.74;+0.5 1.9300000000000002 1.98;+0.75 1.7 2.26;+1 1.49 2.79;+1.5 1.33 3.55;+2.5 1.11 7.88,;+1.5 1.18 5.29;+2.5 1.6099999999999999 2.42;+2.75 1.76 2.15;+3 2.0 1.8900000000000001;+3.25 2.27 1.6800000000000002;+3.5 2.55 1.56;+4.5 4.6899999999999995 1.21
Vegalta Sendai - Kashiwa Reysol,"Saturday, 01 May 2021, 05:00","Final result 1:0 (0:0, 1:0)",3.37 3.42 2.2800000000000002,;-1.5 8.0 1.11;-0.5 3.33 1.3599999999999999;-0.25 2.8899999999999997 1.47;0 2.42 1.63;+0.25 1.95 1.95;+0.5 1.7 2.27;+0.75 1.52 2.7;+1.5 1.23 4.52,;+1.5 1.35 3.34;+1.75 1.45 2.92;+2 1.58 2.48;+2.25 1.88 2.01;+2.5 2.15 1.76;+2.75 2.49 1.58;+3.5 3.84 1.29;+4.5 8.08 1.1
Nagoya Grampus - Kawasaki Frontale,"Thursday, 29 Apr 2021, 06:00","Final result 0:4 (0:3, 0:1)",4.49 3.43 1.94,;-0.5 4.42 1.24;-0.25 3.82 1.29;0 3.23 1.3900000000000001;+0.25 2.34 1.6600000000000001;+0.5 1.96 1.94;+0.75 1.7 2.26;+1 1.45 2.9299999999999997;+1.25 1.35 3.4;+1.5 1.29 3.88,;+1.5 1.43 2.96;+1.75 1.54 2.6;+2 1.72 2.21;+2.25 2.0300000000000002 1.8599999999999999;+2.5 2.3200000000000003 1.6600000000000001;+2.75 2.73 1.5;+3.5 4.27 1.24
Urawa Reds - Oita Trinita,"Sunday, 25 Apr 2021, 07:00","Final result 3:2 (1:2, 2:0)",1.9300000000000002 3.34 4.71,;-1.5 4.3 1.25;-1 3.13 1.41;-0.75 2.29 1.6800000000000002;-0.5 1.9300000000000002 1.97;-0.25 1.65 2.37;0 1.37 3.35;+0.5 1.22 4.63,;+1.5 1.55 2.58;+1.75 1.7 2.25;+2 1.97 1.92;+2.25 2.31 1.6600000000000001;+2.5 2.66 1.52;+3.5 5.69 1.16
Shimizu S-Pulse - Shonan Bellmare,"Sunday, 25 Apr 2021, 05:00","Final result 1:1 (0:0, 1:1)",2.55 3.11 3.2,;-1.5 5.83 1.16;-0.75 3.16 1.4;-0.5 2.5300000000000002 1.5699999999999998;-0.25 2.15 1.79;0 1.74 2.2;+0.25 1.52 2.69;+0.5 1.3900000000000001 3.16,;+1.5 1.56 2.55;+1.75 1.71 2.2199999999999998;+2 1.99 1.8900000000000001;+2.25 2.33 1.65;+2.5 2.6799999999999997 1.51;+3.5 5.23 1.18
Kashima Antlers - Vissel Kobe,"Saturday, 24 Apr 2021, 08:00","Final result 1:1 (0:1, 1:0)",2.05 3.61 3.78,;-1.5 3.9 1.29;-1.25 3.46 1.34;-1 3.04 1.43;-0.75 2.3899999999999997 1.6400000000000001;-0.5 2.05 1.8599999999999999;-0.25 1.77 2.15;0 1.5 2.77;+0.25 1.38 3.24;+0.5 1.31 3.73,;+1.5 1.3 3.73;+2 1.47 2.8200000000000003;+2.25 1.72 2.21;+2.5 1.98 1.9100000000000001;+2.75 2.25 1.7;+3 2.73 1.5;+3.5 3.42 1.34;+4.5 6.85 1.13
Kashiwa Reysol - Tokushima,"Saturday, 24 Apr 2021, 07:00","Final result 5:1 (3:0, 2:1)",2.5 3.1 3.28,;-1.5 5.92 1.16;-1 4.87 1.21;-0.75 3.12 1.41;-0.5 2.49 1.6;-0.25 2.1100000000000003 1.8199999999999998;0 1.71 2.25;+0.25 1.5 2.76;+0.5 1.38 3.25;+0.75 1.27 4.029999999999999;+1 1.15 6.33;+1.5 1.1 8.129999999999999,;+1.5 1.53 2.62;+1.75 1.6800000000000002 2.27;+2 1.96 1.9300000000000002;+2.25 2.31 1.67;+2.5 2.66 1.52;+3.5 4.9399999999999995 1.2
FC Tokyo - Sagan Tosu,"Saturday, 24 Apr 2021, 05:00","Final result 1:2 (0:2, 1:0)",2.48 3.17 3.25,;-1.5 5.53 1.18;-0.75 3.05 1.43;-0.5 2.46 1.6;-0.25 2.1 1.83;0 1.71 2.25;+0.25 1.51 2.74;+0.5 1.38 3.21,;+1.5 1.49 2.74;+1.75 1.63 2.3899999999999997;+2 1.8599999999999999 2.0300000000000002;+2.25 2.19 1.74;+2.5 2.52 1.5699999999999998;+3.5 5.14 1.19
Sanfrecce Hiroshima - Avispa Fukuoka,"Saturday, 24 Apr 2021, 05:00","Final result 1:2 (1:1, 0:1)",1.81 3.44 5.38,;-2.5 8.05 1.11;-1.5 3.52 1.33;-1.25 3.08 1.42;-1 2.6100000000000003 1.55;-0.75 2.08 1.8399999999999999;-0.5 1.8 2.1100000000000003;-0.25 1.55 2.6100000000000003;0 1.3 3.81;+0.25 1.24 4.48;+0.5 1.19 5.28,;+1.5 1.46 2.8600000000000003;+1.75 1.58 2.49;+2 1.79 2.12;+2.25 2.1100000000000003 1.79;+2.5 2.4299999999999997 1.6099999999999999;+2.75 2.92 1.45;+3.5 4.79 1.21
Yokohama F. Marinos - Yokohama FC,"Saturday, 24 Apr 2021, 05:00","Final result 5:0 (2:0, 3:0)",1.33 5.95 8.969999999999999,;-3.5 5.79 1.16;-2.5 3.08 1.41;-2 2.51 1.58;-1.75 2.15 1.78;-1.5 1.9300000000000002 1.97;-1.25 1.7 2.27;-1 1.48 2.83;-0.5 1.32 3.64,
Hokkaido Consadole Sapporo - Vegalta Sendai,"Saturday, 24 Apr 2021, 04:00","Final result 2:1 (0:1, 2:0)",1.73 3.99 4.95,;-2.5 5.74 1.17;-1.5 2.91 1.45;-1.25 2.59 1.56;-1 2.25 1.71;-0.75 1.9300000000000002 1.98;-0.5 1.72 2.23;-0.25 1.52 2.7;+0.5 1.21 4.859999999999999,;+1.5 1.18 5.22;+2.5 1.6099999999999999 2.4299999999999997;+2.75 1.75 2.17;+3 1.98 1.9100000000000001;+3.25 2.25 1.69;+3.5 2.5300000000000002 1.5699999999999998;+4.5 4.6 1.22
Nagoya Grampus - Gamba Osaka,"Thursday, 22 Apr 2021, 10:30","Final result 2:0 (1:0, 1:0)",2.1399999999999997 3.24 3.97,;-1.5 4.85 1.21;-1 3.6 1.33;-0.75 2.59 1.56;-0.5 2.13 1.79;-0.25 1.81 2.1100000000000003;0 1.49 2.79;+0.25 1.3599999999999999 3.37;+0.5 1.28 3.92,;+1.5 1.52 2.67;+1.75 1.6600000000000001 2.3200000000000003;+2 1.92 1.97;+2.25 2.26 1.69;+2.5 2.6 1.54;+3.5 5.32 1.18
Gamba Osaka - Shimizu S-Pulse,"Sunday, 18 Apr 2021, 08:00","Final result 0:0 (0:0, 0:0)",2.3 3.41 3.33,;-1.5 4.52 1.23;-0.75 2.73 1.51;-0.5 2.29 1.69;-0.25 1.97 1.9300000000000002;0 1.6400000000000001 2.3899999999999997;+0.25 1.47 2.85;+0.5 1.37 3.3;+1.5 1.11 8.08,;+1.5 1.34 3.39;+1.75 1.43 2.96;+2 1.5699999999999998 2.51;+2.25 1.87 2.0300000000000002;+2.5 2.15 1.76;+2.75 2.48 1.58;+3.5 3.81 1.29;+4.5 7.99 1.1
Cerezo Osaka - Urawa Reds,"Sunday, 18 Apr 2021, 06:00","Final result 1:0 (0:0, 1:0)",2.31 3.41 3.31,;-1.5 4.79 1.21;-0.75 2.7800000000000002 1.5;-0.5 2.3 1.6800000000000002;-0.25 1.98 1.9300000000000002;0 1.65 2.37;+0.25 1.48 2.83;+0.5 1.37 3.27;+1.5 1.1 8.370000000000001,;+1.5 1.38 3.19;+1.75 1.48 2.81;+2 1.62 2.4;+2.25 1.9 1.99;+2.5 2.17 1.75;+2.75 2.52 1.5699999999999998;+3.5 3.93 1.28
Nagoya Grampus - Sagan Tosu,"Sunday, 18 Apr 2021, 06:00","Final result 1:2 (0:2, 1:0)",2.02 3.11 4.7,;-1.5 4.66 1.22;-1 3.43 1.3599999999999999;-0.75 2.4299999999999997 1.62;-0.5 2.02 1.88;-0.25 1.7 2.27;0 1.3900000000000001 3.25;+0.5 1.23 4.62,;+1.25 1.47 2.8200000000000003;+1.5 1.71 2.2199999999999998;+1.75 1.94 1.94;+2 2.33 1.65;+2.25 2.7199999999999998 1.5;+2.5 3.09 1.4;+3.5 6.53 1.13
Kawasaki Frontale - Sanfrecce Hiroshima,"Sunday, 18 Apr 2021, 05:00","Final result 1:1 (1:0, 0:1)",1.44 4.95 7.39,;-2.5 4.71 1.22;-1.75 2.83 1.48;-1.5 2.3600000000000003 1.65;-1.25 2.05 1.8599999999999999;-1 1.73 2.2199999999999998;-0.75 1.54 2.62;-0.5 1.43 3.0;+0.5 1.12 7.2,;+1.5 1.25 4.25;+2.25 1.5699999999999998 2.51;+2.5 1.78 2.12;+2.75 2.0 1.88;+3 2.3600000000000003 1.6400000000000001;+3.25 2.71 1.51;+3.5 3.03 1.41;+4.5 5.9 1.15
Shonan Bellmare - Vissel Kobe,"Saturday, 17 Apr 2021, 06:00","Final result 0:0 (0:0, 0:0)",3.29 3.46 2.3,;-1.5 7.98 1.11;-0.5 3.25 1.38;-0.25 2.8200000000000003 1.48;0 2.3600000000000003 1.65;+0.25 1.9300000000000002 1.98;+0.5 1.6800000000000002 2.29;+0.75 1.5 2.75;+1.5 1.22 4.67,;+1.5 1.4 3.08;+1.75 1.51 2.6799999999999997;+2 1.69 2.26;+2.25 2.01 1.88;+2.5 2.3200000000000003 1.6600000000000001;+2.75 2.7199999999999998 1.5;+3.5 4.1899999999999995 1.25
Avispa Fukuoka - FC Tokyo,"Saturday, 17 Apr 2021, 05:00","Final result 1:0 (0:0, 1:0)",3.74 3.43 2.13,;-0.5 3.69 1.31;-0.25 3.2 1.4;0 2.6799999999999997 1.52;+0.25 2.09 1.83;+0.5 1.79 2.12;+0.75 1.5699999999999998 2.56;+1 1.3599999999999999 3.4;+1.5 1.23 4.6,;+1.5 1.44 2.88;+1.75 1.5699999999999998 2.52;+2 1.76 2.1399999999999997;+2.25 2.09 1.8199999999999998;+2.5 2.3899999999999997 1.63;+2.75 2.8899999999999997 1.45;+3.5 4.890000000000001 1.2
Oita Trinita - Kashiwa Reysol,"Saturday, 17 Apr 2021, 05:00","Final result 0:1 (0:0, 0:1)",3.18 3.2 2.5,;-1.5 8.39 1.1;-0.5 3.14 1.4;-0.25 2.69 1.52;0 2.21 1.74;+0.25 1.81 2.12;+0.5 1.6 2.49;+0.75 1.42 3.09;+1.5 1.17 5.64,;+1.5 1.55 2.5700000000000003;+1.75 1.7 2.24;+2 1.97 1.92;+2.25 2.31 1.67;+2.5 2.65 1.52;+3.5 5.27 1.18
Tokushima - Kashima Antlers,"Saturday, 17 Apr 2021, 05:00","Final result 0:1 (0:1, 0:0)",3.37 3.44 2.27,;-1.5 8.24 1.1;-0.5 3.33 1.3599999999999999;-0.25 2.8899999999999997 1.46;0 2.42 1.62;+0.25 1.95 1.95;+0.5 1.7 2.26;+0.75 1.52 2.6799999999999997;+1.5 1.24 4.38,;+1.5 1.33 3.48;+2 1.53 2.6100000000000003;+2.25 1.8 2.09;+2.5 2.08 1.83;+2.75 2.3899999999999997 1.63;+3 2.9699999999999998 1.43;+3.5 3.72 1.3;+4.5 7.93 1.1
Yokohama FC - Vegalta Sendai,"Saturday, 17 Apr 2021, 05:00","Final result 2:2 (1:0, 1:2)",3.11 3.39 2.4299999999999997,;-1.5 7.14 1.12;-0.5 3.08 1.41;-0.25 2.66 1.53;0 2.2199999999999998 1.73;+0.25 1.83 2.08;+0.5 1.63 2.42;+0.75 1.45 2.96;+1.5 1.19 5.22,;+1.5 1.35 3.34;+1.75 1.44 2.9299999999999997;+2 1.58 2.5;+2.25 1.8599999999999999 2.0300000000000002;+2.5 2.13 1.78;+2.75 2.4699999999999998 1.5899999999999999;+3.5 3.85 1.28;+4.5 8.09 1.1
Hokkaido Consadole Sapporo - Yokohama F. Marinos,"Friday, 16 Apr 2021, 10:00","Final result 1:3 (0:0, 1:3)",2.44 4.109999999999999 2.67,;-1.5 4.43 1.24;-0.5 2.4299999999999997 1.62;-0.25 2.15 1.78;0 1.87 2.04;+0.25 1.6600000000000001 2.34;+0.5 1.53 2.65;+1.5 1.21 4.779999999999999,;+1.5 1.12 7.08;+2.5 1.43 2.96;+2.75 1.53 2.6399999999999997;+3 1.6099999999999999 2.41;+3.25 1.81 2.08;+3.5 2.01 1.88;+3.75 2.25 1.69;+4 2.66 1.52;+4.5 3.25 1.37;+5.5 5.86 1.16
Nagoya Grampus - Sanfrecce Hiroshima,"Wednesday, 14 Apr 2021, 10:30","Final result 1:0 (1:0, 0:0)",2.41 2.9699999999999998 3.64,;-1.5 5.92 1.16;-0.75 3.01 1.43;-0.5 2.3899999999999997 1.6400000000000001;-0.25 2.01 1.8900000000000001;0 1.6099999999999999 2.45;+0.25 1.43 3.03;+0.5 1.32 3.59,;+1.25 1.43 2.9699999999999998;+1.5 1.6600000000000001 2.3200000000000003;+1.75 1.87 2.02;+2 2.24 1.7;+2.25 2.6399999999999997 1.53;+2.5 3.02 1.41;+3.5 6.14 1.15
Kawasaki Frontale - Avispa Fukuoka,"Wednesday, 14 Apr 2021, 10:00","Final result 3:1 (1:1, 2:0)",1.23 6.69 13.97,;-3.5 5.29 1.18;-2.5 2.7800000000000002 1.47;-2.25 2.49 1.58;-2 2.19 1.74;-1.75 1.9 1.99;-1.5 1.71 2.2199999999999998;-1.25 1.51 2.6799999999999997;-0.5 1.22 4.65,;+1.5 1.17 5.29;+2.5 1.54 2.56;+2.75 1.67 2.2800000000000002;+3 1.88 2.0;+3.25 2.1399999999999997 1.75;+3.5 2.4 1.6099999999999999;+4.5 4.3100000000000005 1.23
Sagan Tosu - Gamba Osaka,"Wednesday, 14 Apr 2021, 10:00","Final result 0:1 (0:0, 0:1)",2.55 3.3 3.01,;-1.5 6.03 1.16;-0.75 3.12 1.41;-0.5 2.54 1.5699999999999998;-0.25 2.17 1.76;0 1.8 2.13;+0.25 1.56 2.56;+0.5 1.44 2.99;+1.5 1.1400000000000001 6.6,;+1.5 1.41 3.05;+1.75 1.52 2.67;+2 1.69 2.26;+2.25 2.0 1.88;+2.5 2.3 1.67;+2.75 2.7 1.51;+3.5 4.25 1.25
Cerezo Osaka - Tokushima,"Wednesday, 14 Apr 2021, 09:00","Final result 1:2 (1:1, 0:1)",2.24 3.35 3.53,;-1.5 4.8100000000000005 1.21;-0.75 2.7 1.52;-0.5 2.23 1.72;-0.25 1.92 1.99;0 1.58 2.51;+0.25 1.43 3.01;+0.5 1.34 3.48,;+1.5 1.51 2.7;+1.75 1.65 2.35;+2 1.8900000000000001 1.99;+2.25 2.23 1.71;+2.5 2.5700000000000003 1.55;+3.5 4.98 1.2
Kashiwa Reysol - Gamba Osaka,"Sunday, 11 Apr 2021, 08:00","Final result 1:0 (0:0, 1:0)",2.37 3.6 3.04,;-1.5 4.609999999999999 1.23;-0.75 2.8200000000000003 1.48;-0.5 2.3600000000000003 1.65;-0.25 2.06 1.8599999999999999;0 1.73 2.2199999999999998;+0.25 1.54 2.62;+0.5 1.43 3.01;+1.5 1.13 6.88,;+1.5 1.31 3.65;+2 1.5 2.7199999999999998;+2.25 1.77 2.1399999999999997;+2.5 2.04 1.85;+2.75 2.33 1.65;+3 2.83 1.47;+3.5 3.51 1.33;+4.5 7.05 1.12
Vissel Kobe - Shimizu S-Pulse,"Sunday, 11 Apr 2021, 08:00","Final result 1:1 (0:0, 1:1)",1.98 3.68 3.95,;-1.5 3.9 1.29;-1 2.98 1.44;-0.75 2.31 1.6800000000000002;-0.5 1.98 1.92;-0.25 1.71 2.24;0 1.46 2.92;+0.5 1.29 3.9,;+1.5 1.33 3.5;+2 1.52 2.66;+2.25 1.77 2.13;+2.5 2.04 1.8599999999999999;+2.75 2.33 1.65;+3 2.8600000000000003 1.46;+3.5 3.58 1.32;+4.5 7.41 1.11
Urawa Reds - Tokushima,"Sunday, 11 Apr 2021, 07:00","Final result 1:0 (0:0, 1:0)",2.27 3.26 3.56,;-1.5 4.84 1.21;-0.75 2.74 1.51;-0.5 2.26 1.7;-0.25 1.9300000000000002 1.97;0 1.5899999999999999 2.5;+0.25 1.43 3.02;+0.5 1.33 3.51,;+1.5 1.51 2.69;+1.75 1.6600000000000001 2.3200000000000003;+2 1.9300000000000002 1.96;+2.25 2.27 1.6800000000000002;+2.5 2.63 1.53;+3.5 4.83 1.2
Oita Trinita - Nagoya Grampus,"Sunday, 11 Apr 2021, 06:00","Final result 0:3 (0:2, 0:1)",4.77 2.98 2.0700000000000003,;-0.5 4.7 1.22;-0.25 3.96 1.28;0 3.23 1.3900000000000001;+0.25 2.23 1.72;+0.5 1.85 2.0700000000000003;+0.75 1.5899999999999999 2.5;+1 1.34 3.52;+1.25 1.26 4.13;+1.5 1.22 4.75,;+1 1.29 3.86;+1.25 1.55 2.56;+1.5 1.83 2.0700000000000003;+1.75 2.09 1.8;+2 2.6 1.54;+2.25 2.99 1.43;+2.5 3.44 1.34;+3.5 7.44 1.11
Sagan Tosu - Yokohama FC,"Sunday, 11 Apr 2021, 06:00","Final result 3:0 (1:0, 2:0)",1.7 3.79 5.52,;-2.5 7.05 1.13;-1.5 3.16 1.4;-1.25 2.76 1.5;-1 2.34 1.6600000000000001;-0.75 1.9300000000000002 1.98;-0.5 1.7 2.27;-0.25 1.48 2.81;+0.5 1.18 5.42,;+1.5 1.37 3.23;+1.75 1.47 2.84;+2 1.6099999999999999 2.4299999999999997;+2.25 1.8900000000000001 2.0;+2.5 2.16 1.75;+2.75 2.54 1.56;+3.5 4.13 1.26
FC Tokyo - Kawasaki Frontale,"Sunday, 11 Apr 2021, 05:00","Final result 2:4 (0:2, 2:2)",4.73 4.26 1.71,;-0.5 4.66 1.22;+0.25 2.7199999999999998 1.51;+0.5 2.26 1.7;+0.75 2.0 1.9100000000000001;+1 1.72 2.23;+1.25 1.56 2.58;+1.5 1.45 2.91;+2.5 1.1400000000000001 6.51,;+1.5 1.22 4.5600000000000005;+2.25 1.5699999999999998 2.5300000000000002;+2.5 1.79 2.1;+2.75 2.01 1.88;+3 2.33 1.65;+3.25 2.65 1.52;+3.5 2.94 1.43;+4.5 5.5 1.17
Vegalta Sendai - Yokohama F. Marinos,"Sunday, 11 Apr 2021, 05:00","Final result 0:0 (0:0, 0:0)",5.29 4.609999999999999 1.6,;-0.5 5.19 1.19;+0.5 2.49 1.5899999999999999;+0.75 2.2 1.74;+1 1.9300000000000002 1.98;+1.25 1.69 2.27;+1.5 1.56 2.5700000000000003;+2.5 1.2 4.96,;+1.5 1.17 5.57;+2.5 1.5 2.7;+2.75 1.6099999999999999 2.41;+3 1.79 2.1;+3.25 2.0700000000000003 1.83;+3.5 2.3200000000000003 1.6600000000000001;+3.75 2.74 1.5;+4.5 4.33 1.24
Hokkaido Consadole Sapporo - Kashima Antlers,"Sunday, 11 Apr 2021, 04:05","Final result 2:2 (1:2, 1:0)",2.7800000000000002 3.89 2.4299999999999997,;-1.5 5.88 1.16;-0.5 2.77 1.5;-0.25 2.4299999999999997 1.62;0 2.1 1.83;+0.25 1.79 2.12;+0.5 1.63 2.42;+0.75 1.48 2.84;+1.5 1.23 4.59,;+1.5 1.19 5.11;+2.5 1.58 2.48;+2.75 1.73 2.19;+3 1.97 1.92;+3.25 2.26 1.69;+3.5 2.55 1.56;+4.5 4.83 1.21
Cerezo Osaka - Avispa Fukuoka,"Saturday, 10 Apr 2021, 06:00","Final result 2:2 (0:0, 2:2)",1.8599999999999999 3.51 4.82,;-1.5 3.62 1.32;-1 2.71 1.51;-0.75 2.1399999999999997 1.78;-0.5 1.8599999999999999 2.05;-0.25 1.6 2.48;0 1.34 3.5;+0.5 1.22 4.74,;+1.5 1.4 3.1;+1.75 1.51 2.69;+2 1.69 2.25;+2.25 2.0300000000000002 1.8599999999999999;+2.5 2.35 1.65;+2.75 2.79 1.48;+3.5 4.51 1.23
Sanfrecce Hiroshima - Shonan Bellmare,"Saturday, 10 Apr 2021, 05:00","Final result 0:1 (0:0, 0:1)",1.97 3.22 4.74,;-1.5 4.04 1.27;-1 3.04 1.43;-0.75 2.31 1.6800000000000002;-0.5 1.97 1.9300000000000002;-0.25 1.6600000000000001 2.33;0 1.37 3.33;+0.5 1.22 4.66,;+1.5 1.51 2.6799999999999997;+1.75 1.6600000000000001 2.3200000000000003;+2 1.92 1.97;+2.25 2.26 1.69;+2.5 2.6100000000000003 1.53;+3.5 5.14 1.19
FC Tokyo - Hokkaido Consadole Sapporo,"Wednesday, 07 Apr 2021, 10:00","Final result 2:1 (0:0, 2:1)",2.76 3.69 2.5300000000000002,;-1.5 5.76 1.17;-0.5 2.75 1.5;-0.25 2.3899999999999997 1.6400000000000001;0 2.04 1.87;+0.25 1.75 2.19;+0.5 1.58 2.52;+1.5 1.19 5.26,;+1.5 1.23 4.45;+2.25 1.52 2.65;+2.5 1.71 2.2199999999999998;+2.75 1.9 1.98;+3 2.2 1.72;+3.25 2.52 1.5699999999999998;+3.5 2.81 1.46;+4.5 5.5 1.17
Gamba Osaka - Avispa Fukuoka,"Wednesday, 07 Apr 2021, 10:00","Final result 0:0 (0:0, 0:0)",1.79 3.7 4.970000000000001,;-2.5 7.76 1.11;-1.5 3.37 1.3599999999999999;-1.25 2.96 1.45;-1 2.52 1.58;-0.75 2.05 1.8599999999999999;-0.5 1.78 2.13;-0.25 1.55 2.6;+0.5 1.21 4.88,;+1.5 1.37 3.23;+1.75 1.47 2.8200000000000003;+2 1.63 2.3899999999999997;+2.25 1.9300000000000002 1.96;+2.5 2.2199999999999998 1.71;+2.75 2.59 1.54;+3.5 4.05 1.26
Kawasaki Frontale - Sagan Tosu,"Wednesday, 07 Apr 2021, 10:00","Final result 1:0 (0:0, 1:0)",1.3599999999999999 5.26 9.12,;-3.5 7.42 1.12;-2.5 3.62 1.32;-2 2.91 1.46;-1.75 2.4 1.63;-1.5 2.09 1.81;-1.25 1.83 2.08;-1 1.56 2.56;-0.75 1.44 2.98;-0.5 1.35 3.38,;+1.5 1.24 4.3100000000000005;+2.25 1.53 2.63;+2.5 1.71 2.2199999999999998;+2.75 1.92 1.97;+3 2.23 1.7;+3.25 2.5700000000000003 1.55;+3.5 2.88 1.45;+4.5 5.6 1.17
Shimizu S-Pulse - Urawa Reds,"Wednesday, 07 Apr 2021, 10:00","Final result 0:2 (0:1, 0:1)",2.76 3.35 2.7199999999999998,;-1.5 6.25 1.15;-0.5 2.75 1.5;-0.25 2.3600000000000003 1.65;0 1.97 1.9300000000000002;+0.25 1.67 2.3200000000000003;+0.5 1.52 2.71;+1.5 1.15 6.3,;+1.5 1.44 2.8899999999999997;+1.75 1.56 2.5300000000000002;+2 1.75 2.16;+2.25 2.0700000000000003 1.83;+2.5 2.3600000000000003 1.6400000000000001;+2.75 2.77 1.49;+3.5 4.29 1.24
Shonan Bellmare - Nagoya Grampus,"Wednesday, 07 Apr 2021, 10:00","Final result 0:0 (0:0, 0:0)",4.09 3.16 2.1399999999999997,;-0.5 4.029999999999999 1.27;-0.25 3.45 1.35;0 2.84 1.48;+0.25 2.12 1.81;+0.5 1.79 2.13;+0.75 1.56 2.59;+1 1.33 3.58;+1.5 1.21 4.8,;+1.25 1.4 3.12;+1.5 1.6099999999999999 2.42;+1.75 1.81 2.1;+2 2.15 1.76;+2.25 2.55 1.56;+2.5 2.9299999999999997 1.43;+3.5 5.98 1.15
Tokushima - Vegalta Sendai,"Wednesday, 07 Apr 2021, 10:00","Final result 1:0 (1:0, 0:0)",1.83 3.73 4.65,;-1.5 3.52 1.33;-1 2.63 1.54;-0.75 2.1 1.81;-0.5 1.83 2.09;-0.25 1.58 2.51;0 1.35 3.45;+0.5 1.23 4.58,;+1.5 1.35 3.38;+1.75 1.44 2.95;+2 1.5699999999999998 2.5;+2.25 1.87 2.02;+2.5 2.15 1.76;+2.75 2.5 1.5699999999999998;+3.5 3.91 1.28;+4.5 8.07 1.1
Vissel Kobe - Oita Trinita,"Wednesday, 07 Apr 2021, 10:00","Final result 1:0 (1:0, 0:0)",1.9300000000000002 3.58 4.33,;-1.5 3.56 1.33;-1 2.75 1.5;-0.75 2.21 1.74;-0.5 1.9300000000000002 1.98;-0.25 1.6600000000000001 2.35;0 1.4 3.17;+0.5 1.25 4.26,;+1.5 1.34 3.44;+1.75 1.43 3.01;+2 1.56 2.55;+2.25 1.85 2.05;+2.5 2.12 1.78;+2.75 2.45 1.6;+3.5 3.75 1.3;+4.5 7.94 1.1
Yokohama FC - Sanfrecce Hiroshima,"Wednesday, 07 Apr 2021, 10:00","Final result 0:3 (0:3, 0:0)",4.99 4.04 1.71,;-0.5 4.91 1.21;+0.25 2.74 1.51;+0.5 2.25 1.71;+0.75 1.97 1.9300000000000002;+1 1.6800000000000002 2.31;+1.25 1.52 2.7;+1.5 1.41 3.07;+2.5 1.13 6.96,;+1.5 1.28 3.85;+2 1.45 2.91;+2.25 1.69 2.26;+2.5 1.94 1.94;+2.75 2.21 1.72;+3 2.6799999999999997 1.51;+3.5 3.38 1.35;+4.5 6.82 1.13
Oita Trinita - Avispa Fukuoka,"Sunday, 30 May 2021, 06:00","Final result 2:1 (1:0, 1:1)",3.0 2.92 2.84,;-1 6.75 1.13;-0.75 3.94 1.28;-0.5 2.99 1.44;-0.25 2.49 1.5899999999999999;0 2.01 1.9;+0.25 1.65 2.3600000000000003;+0.5 1.48 2.83;+0.75 1.32 3.66;+1 1.16 5.91,;+1.25 1.47 2.83;+1.5 1.7 2.24;+1.75 1.92 1.96;+2 2.29 1.67;+2.25 2.6799999999999997 1.51;+2.5 3.05 1.41;+3.5 6.54 1.13
FC Tokyo - Sanfrecce Hiroshima,"Sunday, 30 May 2021, 05:00","Final result 0:0 (0:0, 0:0)",3.26 3.31 2.3899999999999997,;-0.75 4.21 1.26;-0.5 3.23 1.38;-0.25 2.7800000000000002 1.5;0 2.31 1.6800000000000002;+0.25 1.88 2.04;+0.5 1.65 2.37;+0.75 1.46 2.91;+1 1.27 4.07;+1.25 1.22 4.65,;+1.5 1.41 3.02;+1.75 1.53 2.63;+2 1.71 2.23;+2.25 2.04 1.8599999999999999;+2.5 2.34 1.65;+2.75 2.79 1.48;+3.5 4.54 1.22
Vissel Kobe - Sagan Tosu,"Sunday, 30 May 2021, 05:00","Final result 1:1 (1:1, 0:0)",2.1799999999999997 3.37 3.68,;-1.25 4.17 1.26;-1 3.6 1.32;-0.75 2.62 1.54;-0.5 2.17 1.76;-0.25 1.8599999999999999 2.05;0 1.54 2.62;+0.25 1.41 3.14;+0.5 1.32 3.63;+0.75 1.21 4.83,;+1.5 1.43 2.96;+1.75 1.55 2.58;+2 1.74 2.1799999999999997;+2.25 2.06 1.83;+2.5 2.37 1.63;+2.75 2.83 1.47;+3.5 4.59 1.22
Yokohama F. Marinos - Shimizu S-Pulse,"Sunday, 30 May 2021, 04:00","Final result 2:1 (1:1, 1:0)",1.51 4.77 6.22,;-2.25 4.0600000000000005 1.27;-2 3.68 1.31;-1.75 2.85 1.47;-1.5 2.41 1.63;-1.25 2.12 1.79;-1 1.83 2.09;-0.75 1.63 2.41;-0.5 1.51 2.74;-0.25 1.35 3.41;0 1.21 4.9399999999999995,;+1.5 1.17 5.48;+2.5 1.56 2.54;+2.75 1.69 2.25;+3 1.92 1.97;+3.25 2.19 1.74;+3.5 2.4699999999999998 1.5899999999999999;+4.5 4.359999999999999 1.24
Kashiwa Reysol - Hokkaido Consadole Sapporo,"Saturday, 29 May 2021, 10:00","Final result 1:2 (1:2, 0:0)",2.27 3.72 3.14,;-1.25 4.390000000000001 1.24;-1 3.81 1.3;-0.75 2.75 1.5;-0.5 2.26 1.7;-0.25 1.97 1.9300000000000002;0 1.67 2.3200000000000003;+0.25 1.51 2.7199999999999998;+0.5 1.4 3.11;+0.75 1.29 3.87,;+1.5 1.3 3.72;+2 1.46 2.87;+2.25 1.69 2.26;+2.5 1.9300000000000002 1.96;+2.75 2.1799999999999997 1.74;+3 2.62 1.53;+3.5 3.29 1.3599999999999999;+4.5 6.53 1.13
Gamba Osaka - Tokushima,"Thursday, 27 May 2021, 10:00","Final result 2:1 (1:0, 1:1)",2.65 3.23 2.94,;-1 4.93 1.21;-0.75 3.3 1.37;-0.5 2.63 1.54;-0.25 2.24 1.71;0 1.85 2.06;+0.25 1.5899999999999999 2.49;+0.5 1.45 2.9299999999999997;+0.75 1.3 3.77;+1 1.16 5.98,;+1.5 1.54 2.6;+1.75 1.69 2.27;+2 1.95 1.9300000000000002;+2.25 2.2800000000000002 1.6800000000000002;+2.5 2.62 1.53;+3.5 4.8100000000000005 1.2
Hokkaido Consadole Sapporo - Sagan Tosu,"Wednesday, 26 May 2021, 10:00","Final result 0:0 (0:0, 0:0)",2.35 3.5 3.16,;-1.25 4.09 1.27;-1 3.63 1.32;-0.75 2.7800000000000002 1.49;-0.5 2.34 1.6600000000000001;-0.25 2.0300000000000002 1.88;0 1.69 2.2800000000000002;+0.25 1.51 2.71;+0.5 1.4 3.12;+0.75 1.27 4.07,;+1.5 1.31 3.63;+2 1.48 2.79;+2.25 1.72 2.21;+2.5 1.97 1.92;+2.75 2.23 1.71;+3 2.71 1.51;+3.5 3.4 1.34;+4.5 6.87 1.12
Kashima Antlers - Cerezo Osaka,"Wednesday, 26 May 2021, 10:00","Final result 1:0 (0:0, 1:0)",1.75 4.0600000000000005 4.74,;-1.75 4.3100000000000005 1.25;-1.5 3.32 1.3599999999999999;-1.25 2.9 1.46;-1 2.45 1.6099999999999999;-0.75 1.99 1.92;-0.5 1.74 2.2;-0.25 1.53 2.65;0 1.32 3.59;+0.25 1.26 4.13,;+1.5 1.32 3.58;+2 1.49 2.75;+2.25 1.74 2.19;+2.5 1.98 1.9;+2.75 2.27 1.6800000000000002;+3 2.81 1.47;+3.5 3.56 1.32;+4.5 7.36 1.11
Kashiwa Reysol - Vissel Kobe,"Wednesday, 26 May 2021, 10:00","Final result 1:2 (0:0, 1:2)",2.3 3.62 3.16,;-1.25 4.279999999999999 1.25;-1 3.75 1.3;-0.75 2.76 1.5;-0.5 2.29 1.69;-0.25 1.99 1.92;0 1.6800000000000002 2.31;+0.25 1.51 2.73;+0.5 1.4 3.12;+0.75 1.27 4.029999999999999,;+1.5 1.3599999999999999 3.29;+1.75 1.45 2.91;+2 1.58 2.49;+2.25 1.8599999999999999 2.0300000000000002;+2.5 2.12 1.78;+2.75 2.44 1.6;+3 2.91 1.45;+3.5 3.71 1.3;+4.5 7.17 1.12
Nagoya Grampus - Vegalta Sendai,"Wednesday, 26 May 2021, 10:00","Final result 0:1 (0:1, 0:0)",1.78 3.52 5.43,;-1.75 4.45 1.24;-1.5 3.43 1.35;-1.25 3.0 1.44;-1 2.54 1.5699999999999998;-0.75 2.04 1.87;-0.5 1.77 2.15;-0.25 1.53 2.67;0 1.28 3.93;+0.25 1.22 4.63,;+1.5 1.51 2.6799999999999997;+1.75 1.65 2.34;+2 1.88 2.01;+2.25 2.19 1.73;+2.5 2.51 1.5699999999999998;+3.5 4.93 1.2
Oita Trinita - Yokohama F. Marinos,"Wednesday, 26 May 2021, 10:00","Final result 0:1 (0:0, 0:1)",5.82 4.68 1.55,;0 4.59 1.23;+0.25 3.24 1.38;+0.5 2.63 1.54;+0.75 2.31 1.6800000000000002;+1 1.99 1.9100000000000001;+1.25 1.73 2.21;+1.5 1.58 2.52;+1.75 1.41 3.1;+2 1.24 4.390000000000001,;+1.5 1.22 4.609999999999999;+2.25 1.53 2.63;+2.5 1.74 2.1799999999999997;+2.75 1.9300000000000002 1.96;+3 2.2 1.72;+3.25 2.49 1.58;+3.5 2.76 1.48;+4.5 5.12 1.19
Sanfrecce Hiroshima - Urawa Reds,"Wednesday, 26 May 2021, 10:00","Final result 2:2 (1:1, 1:1)",2.44 3.29 3.18,;-1.25 4.79 1.21;-1 4.21 1.26;-0.75 2.99 1.44;-0.5 2.4299999999999997 1.62;-0.25 2.09 1.83;0 1.71 2.24;+0.25 1.52 2.7;+0.5 1.4 3.14;+0.75 1.27 4.04,;+1.5 1.41 3.01;+1.75 1.53 2.6399999999999997;+2 1.7 2.24;+2.25 2.01 1.88;+2.5 2.31 1.67;+2.75 2.7199999999999998 1.5;+3.5 4.279999999999999 1.24
Shimizu S-Pulse - FC Tokyo,"Wednesday, 26 May 2021, 10:00","Final result 3:0 (2:0, 1:0)",3.18 3.16 2.52,;-0.75 4.07 1.27;-0.5 3.14 1.4;-0.25 2.6799999999999997 1.52;0 2.2 1.74;+0.25 1.8 2.1399999999999997;+0.5 1.58 2.51;+0.75 1.4 3.15;+1 1.22 4.640000000000001;+1.25 1.19 5.29,;+1.5 1.52 2.65;+1.75 1.67 2.31;+2 1.92 1.97;+2.25 2.24 1.7;+2.5 2.5700000000000003 1.55;+3.5 4.7 1.21
Shonan Bellmare - Kawasaki Frontale,"Wednesday, 26 May 2021, 10:00","Final result 1:1 (0:0, 1:1)",9.49 5.16 1.3599999999999999,;+0.25 4.52 1.23;+0.5 3.39 1.35;+0.75 2.98 1.44;+1 2.56 1.5699999999999998;+1.25 2.08 1.8399999999999999;+1.5 1.81 2.1;+1.75 1.6099999999999999 2.45;+2 1.41 3.1;+2.25 1.33 3.52,;+1.5 1.26 4.1;+2.25 1.6 2.46;+2.5 1.8 2.09;+2.75 2.01 1.88;+3 2.34 1.65;+3.25 2.6399999999999997 1.53;+3.5 2.92 1.44;+4.5 5.41 1.17
Yokohama FC - Avispa Fukuoka,"Wednesday, 26 May 2021, 10:00","Final result 1:1 (1:0, 0:1)",3.36 3.19 2.4,;-0.75 4.3100000000000005 1.25;-0.5 3.32 1.3599999999999999;-0.25 2.84 1.48;0 2.33 1.67;+0.25 1.87 2.04;+0.5 1.6400000000000001 2.3899999999999997;+0.75 1.45 2.94;+1 1.26 4.140000000000001;+1.25 1.22 4.720000000000001,;+1.5 1.48 2.8;+1.75 1.6099999999999999 2.4299999999999997;+2 1.83 2.0700000000000003;+2.25 2.16 1.76;+2.5 2.48 1.58;+3.5 4.59 1.22
Cerezo Osaka - Sanfrecce Hiroshima,"Sunday, 23 May 2021, 06:00","Final result 1:2 (0:0, 1:2)",3.01 3.24 2.59,;-1 6.21 1.15;-0.75 3.87 1.29;-0.5 2.99 1.44;-0.25 2.55 1.5699999999999998;0 2.1100000000000003 1.81;+0.25 1.75 2.19;+0.5 1.56 2.58;+0.75 1.38 3.21;+1 1.22 4.74,;+1.5 1.51 2.7;+1.75 1.65 2.35;+2 1.88 2.01;+2.25 2.2 1.72;+2.5 2.5300000000000002 1.5699999999999998;+3.5 4.91 1.2
FC Tokyo - Gamba Osaka,"Saturday, 22 May 2021, 10:00","Final result 1:0 (1:0, 0:0)",2.0700000000000003 3.52 3.71,;-1.5 4.1899999999999995 1.26;-1.25 3.7 1.31;-1 3.22 1.3900000000000001;-0.75 2.44 1.62;-0.5 2.0700000000000003 1.85;-0.25 1.79 2.13;0 1.51 2.7199999999999998;+0.25 1.3900000000000001 3.18;+0.5 1.32 3.65,;+1.5 1.37 3.22;+1.75 1.47 2.83;+2 1.6099999999999999 2.42;+2.25 1.8900000000000001 1.99;+2.5 2.16 1.75;+2.75 2.52 1.5699999999999998;+3.5 3.97 1.27
Tokushima - Nagoya Grampus,"Saturday, 22 May 2021, 09:00","Final result 0:0 (0:0, 0:0)",3.83 2.92 2.31,;-0.75 5.09 1.19;-0.5 3.76 1.3;-0.25 3.2 1.4;0 2.59 1.56;+0.25 1.97 1.9300000000000002;+0.5 1.6800000000000002 2.3;+0.75 1.47 2.87;+1 1.25 4.32;+1.25 1.2 5.02,;+1.25 1.48 2.8;+1.5 1.71 2.23;+1.75 1.9300000000000002 1.95;+2 2.33 1.6600000000000001;+2.25 2.7199999999999998 1.5;+2.5 3.09 1.4;+3.5 6.6 1.13
Avispa Fukuoka - Shonan Bellmare,"Saturday, 22 May 2021, 08:00","Final result 2:1 (0:1, 2:0)",2.54 3.05 3.17,;-1.25 5.81 1.16;-1 5.06 1.2;-0.75 3.23 1.3900000000000001;-0.5 2.52 1.58;-0.25 2.15 1.79;0 1.75 2.19;+0.25 1.53 2.67;+0.5 1.4 3.13;+0.75 1.27 4.07;+1 1.1400000000000001 6.32,;+1.25 1.41 3.07;+1.5 1.63 2.3899999999999997;+1.75 1.81 2.1;+2 2.12 1.78;+2.25 2.4699999999999998 1.5899999999999999;+2.5 2.81 1.47;+3.5 5.62 1.16
Yokohama F. Marinos - Kashiwa Reysol,"Saturday, 22 May 2021, 08:00","Final result 1:1 (0:0, 1:1)",1.6 4.5600000000000005 5.24,;-2 3.91 1.28;-1.75 3.02 1.42;-1.5 2.56 1.56;-1.25 2.27 1.7;-1 1.98 1.9300000000000002;-0.75 1.74 2.21;-0.5 1.5899999999999999 2.5;-0.25 1.43 3.01;0 1.26 4.12,;+1.5 1.15 5.86;+2.5 1.48 2.76;+2.75 1.5899999999999999 2.48;+3 1.75 2.17;+3.25 2.0 1.88;+3.5 2.24 1.7;+3.75 2.59 1.54;+4.5 3.88 1.28;+5.5 7.67 1.11
Urawa Reds - Vissel Kobe,"Saturday, 22 May 2021, 07:00","Final result 2:0 (0:0, 2:0)",2.95 3.52 2.42,;-0.75 3.61 1.32;-0.5 2.91 1.45;-0.25 2.54 1.5699999999999998;0 2.16 1.77;+0.25 1.83 2.1;+0.5 1.63 2.41;+0.75 1.45 2.9299999999999997;+1 1.27 4.029999999999999;+1.25 1.23 4.5600000000000005,;+1.5 1.28 3.84;+2 1.43 2.96;+2.25 1.67 2.31;+2.5 1.9 1.99;+2.75 2.1399999999999997 1.76;+3 2.58 1.55;+3.5 3.25 1.37;+4.5 6.51 1.13
Kawasaki Frontale - Yokohama FC,"Saturday, 22 May 2021, 06:00","Final result 3:1 (2:0, 1:1)",1.13 9.9 21.56,;-3.25 3.27 1.3599999999999999;-3 2.95 1.43;-2.75 2.45 1.6;-2.5 2.15 1.76;-2.25 1.92 1.97;-2 1.6600000000000001 2.31;-1.75 1.53 2.65;-1.5 1.43 2.96;-1.25 1.29 3.77,;+1.5 1.11 7.25;+2.5 1.37 3.21;+3 1.54 2.58;+3.25 1.74 2.16;+3.5 1.94 1.9300000000000002;+3.75 2.1799999999999997 1.73;+4 2.5700000000000003 1.54;+4.5 3.15 1.38;+5.5 5.79 1.15
Hokkaido Consadole Sapporo - Shimizu S-Pulse,"Saturday, 22 May 2021, 05:00","Final result 2:0 (0:0, 2:0)",1.9 3.69 4.1899999999999995,;-1.5 3.37 1.3599999999999999;-1.25 2.99 1.43;-1 2.63 1.54;-0.75 2.15 1.77;-0.5 1.9 2.01;-0.25 1.65 2.3600000000000003;0 1.41 3.12;+0.25 1.32 3.61;+0.5 1.26 4.109999999999999,;+1.5 1.26 4.0600000000000005;+2 1.4 3.13;+2.25 1.6099999999999999 2.41;+2.5 1.83 2.05;+2.75 2.06 1.8399999999999999;+3 2.4 1.62;+3.25 2.7199999999999998 1.5;+3.5 3.01 1.42;+4.5 5.78 1.16
Sagan Tosu - Kashima Antlers,"Saturday, 22 May 2021, 05:00","Final result 2:1 (0:1, 2:0)",3.68 3.49 2.09,;-0.75 4.73 1.22;-0.5 3.62 1.32;-0.25 3.15 1.4;0 2.69 1.52;+0.25 2.1100000000000003 1.8;+0.5 1.83 2.09;+0.75 1.6099999999999999 2.45;+1 1.4 3.2;+1.25 1.32 3.65;+1.5 1.27 4.109999999999999,;+1.5 1.4 3.11;+1.75 1.5 2.74;+2 1.65 2.34;+2.25 1.94 1.94;+2.5 2.2199999999999998 1.72;+2.75 2.59 1.54;+3.5 4.05 1.26
Vegalta Sendai - Oita Trinita,"Saturday, 22 May 2021, 05:00","Final result 2:1 (1:1, 1:0)",2.79 3.06 2.84,;-1 5.42 1.18;-0.75 3.52 1.33;-0.5 2.7800000000000002 1.5;-0.25 2.35 1.65;0 1.9300000000000002 1.97;+0.25 1.6400000000000001 2.3899999999999997;+0.5 1.48 2.8200000000000003;+0.75 1.32 3.62;+1 1.16 5.79,;+1.5 1.58 2.5;+1.75 1.74 2.1799999999999997;+2 2.0300000000000002 1.87;+2.25 2.37 1.6400000000000001;+2.5 2.71 1.51;+3.5 5.46 1.17
Gamba Osaka - Urawa Reds,"Sunday, 16 May 2021, 08:00","Final result 0:3 (0:3, 0:0)",2.63 3.28 2.85,;-1 4.49 1.23;-0.75 3.19 1.3900000000000001;-0.5 2.6100000000000003 1.55;-0.25 2.24 1.71;0 1.88 2.04;+0.25 1.62 2.4299999999999997;+0.5 1.48 2.83;+0.75 1.32 3.59;+1 1.17 5.51,;+1.5 1.37 3.24;+1.75 1.46 2.8600000000000003;+2 1.6 2.45;+2.25 1.88 2.01;+2.5 2.1399999999999997 1.76;+2.75 2.48 1.58;+3.5 3.83 1.29;+4.5 7.95 1.1
Kawasaki Frontale - Hokkaido Consadole Sapporo,"Sunday, 16 May 2021, 06:00","Final result 2:0 (0:0, 2:0)",1.42 5.24 7.21,;-2.25 3.33 1.3599999999999999;-2 2.99 1.43;-1.75 2.46 1.6099999999999999;-1.5 2.1399999999999997 1.78;-1.25 1.9 2.01;-1 1.6400000000000001 2.3899999999999997;-0.75 1.5 2.76;-0.5 1.41 3.1;-0.25 1.28 3.92,;+1.5 1.1400000000000001 6.37;+2.5 1.44 2.9;+2.75 1.53 2.62;+3 1.6600000000000001 2.3200000000000003;+3.25 1.88 2.01;+3.5 2.09 1.8;+3.75 2.37 1.63;+4.5 3.44 1.34;+5.5 6.74 1.13
Yokohama FC - Shonan Bellmare,"Saturday, 15 May 2021, 08:00","Final result 2:0 (1:0, 1:0)",3.62 3.29 2.19,;-0.75 4.73 1.22;-0.5 3.56 1.33;-0.25 3.09 1.42;0 2.58 1.56;+0.25 2.0300000000000002 1.88;+0.5 1.75 2.1799999999999997;+0.75 1.55 2.6100000000000003;+1 1.33 3.52;+1.25 1.27 4.04,;+1.5 1.48 2.7800000000000002;+1.75 1.6099999999999999 2.42;+2 1.83 2.0700000000000003;+2.25 2.1399999999999997 1.76;+2.5 2.46 1.5899999999999999;+2.75 2.9 1.45;+3.5 4.859999999999999 1.2
Kashiwa Reysol - FC Tokyo,"Saturday, 15 May 2021, 07:00","Final result 0:4 (0:3, 0:1)",2.7199999999999998 3.22 2.79,;-1 5.06 1.2;-0.75 3.38 1.35;-0.5 2.7 1.52;-0.25 2.31 1.6800000000000002;0 1.9300000000000002 1.98;+0.25 1.65 2.37;+0.5 1.5 2.77;+0.75 1.35 3.43;+1 1.2 4.93,;+1.5 1.41 3.05;+1.75 1.52 2.67;+2 1.6800000000000002 2.27;+2.25 2.0 1.8900000000000001;+2.5 2.29 1.6800000000000002;+2.75 2.6799999999999997 1.51;+3.5 4.16 1.25
Oita Trinita - Sagan Tosu,"Saturday, 15 May 2021, 07:00","Final result 1:1 (0:1, 1:0)",3.9 3.07 2.2,;-0.75 5.17 1.19;-0.5 3.83 1.29;-0.25 3.29 1.38;0 2.7 1.52;+0.25 2.05 1.8599999999999999;+0.5 1.75 2.19;+0.75 1.52 2.7;+1 1.29 3.9;+1.25 1.23 4.55,;+1.5 1.6099999999999999 2.4299999999999997;+1.75 1.78 2.12;+2 2.09 1.8199999999999998;+2.25 2.4299999999999997 1.6099999999999999;+2.5 2.7800000000000002 1.48;+3.5 5.81 1.16
Sanfrecce Hiroshima - Tokushima,"Saturday, 15 May 2021, 07:00","Final result 0:1 (0:0, 0:1)",2.0300000000000002 3.28 4.17,;-1.5 4.279999999999999 1.25;-1.25 3.76 1.3;-1 3.24 1.3900000000000001;-0.75 2.41 1.63;-0.5 2.0300000000000002 1.88;-0.25 1.74 2.21;0 1.44 2.9699999999999998;+0.25 1.33 3.53;+0.5 1.27 4.09,;+1.5 1.51 2.71;+1.75 1.6400000000000001 2.37;+2 1.8599999999999999 2.0300000000000002;+2.25 2.1799999999999997 1.74;+2.5 2.49 1.58;+3.5 4.88 1.2
Vissel Kobe - Cerezo Osaka,"Saturday, 15 May 2021, 07:00","Final result 1:1 (0:0, 1:1)",2.56 3.34 2.8899999999999997,;-1.25 4.67 1.22;-1 4.33 1.25;-0.75 3.1 1.41;-0.5 2.54 1.5699999999999998;-0.25 2.19 1.75;0 1.8399999999999999 2.08;+0.25 1.6 2.4699999999999998;+0.5 1.47 2.87;+0.75 1.32 3.62;+1 1.18 5.46,;+1.5 1.3900000000000001 3.12;+1.75 1.5 2.73;+2 1.6600000000000001 2.3200000000000003;+2.25 1.97 1.92;+2.5 2.25 1.69;+2.75 2.63 1.53;+3.5 4.07 1.26
Kashima Antlers - Yokohama F. Marinos,"Saturday, 15 May 2021, 06:00","Final result 5:3 (1:1, 4:2)",2.66 3.61 2.6100000000000003,;-1 4.2 1.26;-0.75 3.16 1.3900000000000001;-0.5 2.6399999999999997 1.54;-0.25 2.31 1.6800000000000002;0 1.97 1.9300000000000002;+0.25 1.7 2.26;+0.5 1.56 2.59;+0.75 1.4 3.12;+1 1.25 4.220000000000001,;+1.5 1.18 5.34;+2.5 1.5899999999999999 2.4699999999999998;+2.75 1.71 2.2199999999999998;+3 1.9100000000000001 1.97;+3.25 2.15 1.76;+3.5 2.3899999999999997 1.63;+4.5 4.1 1.26;+5.5 7.64 1.11
Shimizu S-Pulse - Nagoya Grampus,"Saturday, 15 May 2021, 05:00","Final result 0:3 (0:1, 0:2)",3.62 3.02 2.33,;-0.75 4.84 1.21;-0.5 3.56 1.33;-0.25 3.05 1.43;0 2.49 1.6;+0.25 1.94 1.96;+0.5 1.6800000000000002 2.3200000000000003;+0.75 1.46 2.92;+1 1.23 4.46;+1.25 1.19 5.2,;+1.25 1.51 2.7;+1.5 1.76 2.16;+1.75 1.97 1.92;+2 2.31 1.6600000000000001;+2.25 2.65 1.52;+2.5 2.96 1.43;+3.5 6.11 1.1400000000000001
Vegalta Sendai - Avispa Fukuoka,"Saturday, 15 May 2021, 05:00","Final result 0:1 (0:0, 0:1)",2.6799999999999997 3.24 2.8200000000000003,;-1.25 4.87 1.21;-1 4.6899999999999995 1.22;-0.75 3.28 1.37;-0.5 2.66 1.53;-0.25 2.2800000000000002 1.69;0 1.9 2.01;+0.25 1.63 2.4;+0.5 1.49 2.8;+0.75 1.33 3.57;+1 1.17 5.58,;+1.5 1.48 2.81;+1.75 1.6 2.46;+2 1.81 2.1100000000000003;+2.25 2.1 1.79;+2.5 2.41 1.62;+2.75 2.85 1.47;+3.5 4.609999999999999 1.22
Kawasaki Frontale - Vegalta Sendai,"Wednesday, 12 May 2021, 10:00","Final result 2:2 (1:0, 1:2)",1.13 9.49 22.21,;-3.25 3.47 1.33;-3 3.12 1.3900000000000001;-2.75 2.54 1.56;-2.5 2.21 1.72;-2.25 1.97 1.92;-2 1.72 2.21;-1.75 1.5699999999999998 2.52;-1.5 1.46 2.81;-1.25 1.31 3.6;-1 1.21 4.8100000000000005,;+1.5 1.12 6.88;+2.5 1.41 3.01;+2.75 1.5 2.69;+3 1.63 2.35;+3.25 1.88 1.99;+3.5 2.1100000000000003 1.77;+3.75 2.38 1.62;+4.5 3.34 1.34;+5.5 6.02 1.15
Nagoya Grampus - Kashima Antlers,"Wednesday, 12 May 2021, 10:00","Final result 0:2 (0:1, 0:1)",2.4699999999999998 3.13 3.29,;-1.5 6.33 1.15;-0.75 3.13 1.41;-0.5 2.46 1.6099999999999999;-0.25 2.09 1.83;0 1.7 2.27;+0.25 1.5 2.7800000000000002;+0.5 1.38 3.26;+1.5 1.1 8.27,;+1.5 1.56 2.55;+1.75 1.72 2.21;+2 2.01 1.88;+2.25 2.3600000000000003 1.6400000000000001;+2.5 2.71 1.5;+3.5 5.89 1.16
Gamba Osaka - Sanfrecce Hiroshima,"Wednesday, 12 May 2021, 09:00","Final result 1:2 (1:1, 0:1)",3.78 3.52 2.08,;-0.75 4.8100000000000005 1.21;-0.5 3.73 1.31;-0.25 3.24 1.38;0 2.74 1.51;+0.25 2.13 1.79;+0.5 1.83 2.08;+0.75 1.58 2.51;+1 1.35 3.5;+1.25 1.27 4.08;+1.5 1.22 4.67,;+1.5 1.44 2.9;+1.75 1.56 2.54;+2 1.75 2.16;+2.25 2.0700000000000003 1.83;+2.5 2.3600000000000003 1.6400000000000001;+2.75 2.81 1.47;+3.5 4.54 1.22
Kashima Antlers - FC Tokyo,"Sunday, 09 May 2021, 08:00","Final result 3:0 (2:0, 1:0)",2.19 3.5 3.5,;-1.5 4.52 1.23;-0.75 2.6100000000000003 1.55;-0.5 2.1799999999999997 1.75;-0.25 1.88 2.02;0 1.5699999999999998 2.5300000000000002;+0.25 1.43 3.01;+0.5 1.34 3.46;+1.5 1.11 8.030000000000001,;+1.5 1.34 3.41;+1.75 1.43 2.99;+2 1.56 2.55;+2.25 1.8399999999999999 2.05;+2.5 2.1100000000000003 1.78;+2.75 2.45 1.6;+3.5 3.79 1.29;+4.5 7.89 1.1
Urawa Reds - Vegalta Sendai,"Sunday, 09 May 2021, 07:00","Final result 2:0 (0:0, 2:0)",2.04 3.48 3.98,;-1.5 4.1899999999999995 1.26;-1.25 3.68 1.31;-1 3.19 1.4;-0.75 2.41 1.63;-0.5 2.04 1.87;-0.25 1.75 2.19;0 1.47 2.87;+0.25 1.35 3.39;+0.5 1.28 3.92,;+1.5 1.3599999999999999 3.29;+1.75 1.45 2.88;+2 1.6 2.45;+2.25 1.8900000000000001 1.99;+2.5 2.1799999999999997 1.74;+2.75 2.55 1.56;+3.5 4.1 1.26
Shonan Bellmare - Oita Trinita,"Sunday, 09 May 2021, 06:00","Final result 2:0 (1:0, 1:0)",2.45 3.07 3.4,;-1.25 5.37 1.18;-1 4.67 1.22;-0.75 3.08 1.42;-0.5 2.44 1.6099999999999999;-0.25 2.0700000000000003 1.85;0 1.67 2.3200000000000003;+0.25 1.47 2.85;+0.5 1.3599999999999999 3.36;+0.75 1.23 4.5,;+1.25 1.42 3.05;+1.5 1.63 2.38;+1.75 1.83 2.08;+2 2.1399999999999997 1.76;+2.25 2.51 1.5699999999999998;+2.5 2.8600000000000003 1.45;+3.5 6.13 1.15
Tokushima - Hokkaido Consadole Sapporo,"Sunday, 09 May 2021, 06:00","Final result 1:2 (1:0, 0:2)",2.91 3.43 2.55,;-1.5 6.78 1.13;-0.5 2.8899999999999997 1.46;-0.25 2.49 1.6;0 2.09 1.83;+0.25 1.75 2.1799999999999997;+0.5 1.5699999999999998 2.54;+1.5 1.19 5.18,;+1.5 1.33 3.51;+1.75 1.41 3.08;+2 1.53 2.62;+2.25 1.81 2.09;+2.5 2.08 1.81;+2.75 2.4 1.62;+3 2.92 1.45;+3.5 3.66 1.31;+4.5 7.55 1.11
Avispa Fukuoka - Kashiwa Reysol,"Sunday, 09 May 2021, 05:00","Final result 1:0 (0:0, 1:0)",3.23 3.21 2.46,;-1.5 8.190000000000001 1.1;-0.5 3.2 1.3900000000000001;-0.25 2.74 1.51;0 2.25 1.71;+0.25 1.83 2.09;+0.5 1.6099999999999999 2.45;+0.75 1.43 3.01;+1.5 1.18 5.4,;+1.5 1.49 2.76;+1.75 1.63 2.3899999999999997;+2 1.87 2.02;+2.25 2.21 1.72;+2.5 2.56 1.56;+3.5 4.93 1.2
Shimizu S-Pulse - Yokohama FC,"Sunday, 09 May 2021, 05:00","Final result 1:1 (0:0, 1:1)",1.69 3.93 5.38,;-2.5 7.36 1.12;-1.5 3.18 1.3900000000000001;-1.25 2.77 1.5;-1 2.33 1.67;-0.75 1.92 1.99;-0.5 1.6800000000000002 2.29;-0.25 1.48 2.83;+0.5 1.19 5.28,;+1.5 1.35 3.33;+1.75 1.44 2.92;+2 1.58 2.49;+2.25 1.87 2.02;+2.5 2.1399999999999997 1.76;+2.75 2.49 1.58;+3.5 3.93 1.28
Yokohama F. Marinos - Vissel Kobe,"Sunday, 09 May 2021, 04:00","Final result 2:0 (1:0, 1:0)",1.7 4.2 4.859999999999999,;-2.5 5.17 1.19;-1.5 2.66 1.52;-1.25 2.4 1.63;-1 2.12 1.79;-0.75 1.87 2.04;-0.5 1.69 2.27;-0.25 1.5 2.75;+0.5 1.21 4.779999999999999,;+1.5 1.13 6.73;+2.5 1.47 2.7800000000000002;+2.75 1.5699999999999998 2.51;+3 1.71 2.2199999999999998;+3.25 1.94 1.94;+3.5 2.16 1.75;+3.75 2.48 1.5899999999999999;+4.5 3.7 1.3;+5.5 6.96 1.12
Gamba Osaka - Kawasaki Frontale,"Saturday, 08 May 2021, 09:00","Final result 0:2 (0:1, 0:1)",7.91 5.34 1.3900000000000001,;+0.25 4.17 1.26;+0.5 3.23 1.38;+0.75 2.85 1.47;+1 2.44 1.6099999999999999;+1.25 2.01 1.9;+1.5 1.76 2.16;+1.75 1.5699999999999998 2.5300000000000002;+2 1.38 3.2;+2.25 1.32 3.62,;+1.5 1.2 4.970000000000001;+2.5 1.62 2.41;+2.75 1.76 2.1399999999999997;+3 2.01 1.88;+3.25 2.2800000000000002 1.6800000000000002;+3.5 2.5700000000000003 1.55;+4.5 4.6 1.22
Nagoya Grampus - Cerezo Osaka,"Saturday, 08 May 2021, 06:00","Final result 1:0 (0:0, 1:0)",2.1799999999999997 3.13 3.99,;-1.25 4.529999999999999 1.23;-1 3.86 1.29;-0.75 2.67 1.53;-0.5 2.17 1.76;-0.25 1.8399999999999999 2.08;0 1.5 2.76;+0.25 1.3599999999999999 3.37;+0.5 1.28 3.94;+0.75 1.18 5.33,;+1.5 1.6 2.45;+1.75 1.77 2.13;+2 2.08 1.8199999999999998;+2.25 2.44 1.6;+2.5 2.8 1.48;+3.5 5.88 1.16
Sagan Tosu - Sanfrecce Hiroshima,"Saturday, 08 May 2021, 05:00","Final result 0:0 (0:0, 0:0)",2.95 3.07 2.75,;-1 5.91 1.16;-0.75 3.77 1.3;-0.5 2.94 1.45;-0.25 2.48 1.6;0 2.02 1.88;+0.25 1.6800000000000002 2.31;+0.5 1.51 2.74;+0.75 1.34 3.51;+1 1.17 5.54,;+1.5 1.56 2.56;+1.75 1.71 2.2199999999999998;+2 2.01 1.88;+2.25 2.37 1.63;+2.5 2.73 1.5;+3.5 5.68 1.16
Kawasaki Frontale - Nagoya Grampus,"Tuesday, 04 May 2021, 06:00","Final result 3:2 (1:0, 2:2)",1.55 4.1 7.02,;-2.5 5.79 1.16;-1.5 2.73 1.51;-1.25 2.3600000000000003 1.65;-1 1.99 1.92;-0.75 1.7 2.27;-0.5 1.54 2.62;+0.5 1.13 6.85,;+1.5 1.35 3.37;+1.75 1.43 2.9699999999999998;+2 1.56 2.54;+2.25 1.8399999999999999 2.06;+2.5 2.1 1.79;+2.75 2.44 1.6;+3 3.01 1.42;+3.5 3.84 1.29;+4.5 8.11 1.1
Shonan Bellmare - Hokkaido Consadole Sapporo,"Sunday, 02 May 2021, 06:00","Final result 0:0 (0:0, 0:0)",3.9 3.79 1.96,;-0.5 3.85 1.29;-0.25 3.38 1.3599999999999999;0 2.91 1.46;+0.25 2.26 1.7;+0.5 1.94 1.96;+0.75 1.71 2.24;+1 1.5 2.75;+1.25 1.4 3.12;+1.5 1.34 3.5,;+1.5 1.26 4.15;+2 1.3900000000000001 3.18;+2.25 1.6099999999999999 2.41;+2.5 1.85 2.05;+2.75 2.06 1.8199999999999998;+3 2.44 1.6;+3.5 3.08 1.4;+4.5 6.07 1.15
Gamba Osaka - Yokohama F. Marinos,"Friday, 06 Aug 2021, 10:00","Final result 2:3 (0:1, 2:2)",5.11 4.5 1.63,;-0.25 4.42 1.24;0 3.99 1.28;+0.25 2.92 1.45;+0.5 2.42 1.63;+0.75 2.13 1.79;+1 1.85 2.0700000000000003;+1.25 1.65 2.38;+1.5 1.52 2.69;+1.75 1.38 3.23;+2 1.25 4.3100000000000005,;+1.5 1.17 5.56;+2.5 1.54 2.6;+2.75 1.6600000000000001 2.31;+3 1.8599999999999999 2.0300000000000002;+3.25 2.13 1.78;+3.5 2.3899999999999997 1.63;+3.75 2.6799999999999997 1.51;+4.5 4.18 1.25;+5.5 7.88 1.1
Vegalta Sendai - Gamba Osaka,"Tuesday, 03 Aug 2021, 10:00","Final result 0:1 (0:1, 0:0)",2.7800000000000002 3.38 2.69,;-1 5.04 1.2;-0.75 3.45 1.34;-0.5 2.76 1.5;-0.25 2.37 1.65;0 1.98 1.9300000000000002;+0.25 1.6800000000000002 2.3;+0.5 1.52 2.6799999999999997;+0.75 1.3599999999999999 3.35;+1 1.21 4.92,;+1.5 1.3900000000000001 3.13;+1.75 1.49 2.76;+2 1.6400000000000001 2.37;+2.25 1.9300000000000002 1.96;+2.5 2.19 1.73;+2.75 2.55 1.56;+3.5 3.92 1.28
Hokkaido Consadole Sapporo - Gamba Osaka,"Friday, 30 Jul 2021, 09:00","Final result 0:2 (0:1, 0:1)",1.62 4.46 5.25,;-2 4.6899999999999995 1.22;-1.75 3.38 1.35;-1.5 2.77 1.5;-1.25 2.4299999999999997 1.62;-1 2.09 1.83;-0.75 1.79 2.13;-0.5 1.6099999999999999 2.44;-0.25 1.44 2.96;0 1.27 4.1;+0.25 1.23 4.529999999999999,;+1.5 1.23 4.5;+2.25 1.52 2.65;+2.5 1.71 2.2199999999999998;+2.75 1.9100000000000001 1.98;+3 2.21 1.72;+3.25 2.5300000000000002 1.56;+3.5 2.83 1.46;+4.5 5.24 1.18
Gamba Osaka - Oita Trinita,"Tuesday, 27 Jul 2021, 10:00","Final result 2:1 (0:0, 2:1)",2.13 3.33 3.87,;-1.25 4.05 1.27;-1 3.48 1.34;-0.75 2.55 1.5699999999999998;-0.5 2.12 1.79;-0.25 1.8199999999999998 2.1100000000000003;0 1.5 2.75;+0.25 1.38 3.3;+0.5 1.3 3.82;+0.75 1.19 5.24,;+1.5 1.55 2.59;+1.75 1.7 2.25;+2 1.97 1.92;+2.25 2.3200000000000003 1.6600000000000001;+2.5 2.67 1.52;+3.5 5.27 1.18
Gamba Osaka - Kashima Antlers,"Saturday, 24 Jul 2021, 10:00","Final result 0:1 (0:0, 0:1)",4.23 3.77 1.8900000000000001,;-0.5 4.17 1.26;-0.25 3.65 1.32;0 3.15 1.4;+0.25 2.37 1.65;+0.5 2.01 1.8900000000000001;+0.75 1.76 2.17;+1 1.52 2.71;+1.25 1.4 3.12;+1.5 1.33 3.54,;+1.5 1.3 3.73;+2 1.47 2.83;+2.25 1.72 2.21;+2.5 1.98 1.9100000000000001;+2.75 2.23 1.7;+3 2.69 1.51;+3.5 3.34 1.35;+4.5 6.62 1.13
Sagan Tosu - Cerezo Osaka,"Saturday, 24 Jul 2021, 10:00","Final result 3:3 (3:1, 0:2)",2.67 3.37 2.81,;-1 4.92 1.21;-0.75 3.32 1.3599999999999999;-0.5 2.65 1.53;-0.25 2.2800000000000002 1.69;0 1.9 2.01;+0.25 1.63 2.4;+0.5 1.49 2.79;+0.75 1.33 3.54;+1 1.18 5.39,;+1.5 1.43 2.96;+1.75 1.53 2.62;+2 1.7 2.25;+2.25 1.99 1.8900000000000001;+2.5 2.26 1.69;+2.75 2.69 1.51;+3.5 4.359999999999999 1.24
Cerezo Osaka - FC Tokyo,"Wednesday, 21 Jul 2021, 10:00","Final result 3:3 (0:2, 3:1)",2.83 3.33 2.67,;-1 5.66 1.17;-0.75 3.6 1.32;-0.5 2.81 1.48;-0.25 2.41 1.63;0 2.01 1.9;+0.25 1.69 2.2800000000000002;+0.5 1.53 2.66;+0.75 1.37 3.3;+1 1.22 4.77,;+1.5 1.43 2.95;+1.75 1.53 2.62;+2 1.69 2.26;+2.25 1.97 1.92;+2.5 2.23 1.7;+2.75 2.63 1.53;+3.5 4.2 1.25
Gamba Osaka - Vissel Kobe,"Wednesday, 21 Jul 2021, 10:00","Final result 1:2 (1:2, 0:0)",3.28 3.81 2.17,;-0.75 4.18 1.26;-0.5 3.24 1.38;-0.25 2.85 1.47;0 2.44 1.6099999999999999;+0.25 2.01 1.8900000000000001;+0.5 1.76 2.16;+0.75 1.5699999999999998 2.56;+1 1.3599999999999999 3.32;+1.25 1.3 3.79,;+1.5 1.3 3.74;+2 1.45 2.8899999999999997;+2.25 1.6800000000000002 2.27;+2.5 1.9300000000000002 1.96;+2.75 2.17 1.75;+3 2.62 1.53;+3.5 3.29 1.3599999999999999;+4.5 6.3 1.1400000000000001
Cerezo Osaka - Vissel Kobe,"Saturday, 17 Jul 2021, 10:00","Final result 1:1 (0:1, 1:0)",2.84 3.63 2.5,;-1 5.19 1.19;-0.75 3.54 1.33;-0.5 2.83 1.48;-0.25 2.46 1.6099999999999999;0 2.09 1.83;+0.25 1.77 2.16;+0.5 1.6 2.49;+0.75 1.42 3.03;+1 1.26 4.2,;+1.5 1.31 3.63;+2 1.48 2.81;+2.25 1.71 2.23;+2.5 1.95 1.9300000000000002;+2.75 2.2 1.72;+3 2.66 1.52;+3.5 3.33 1.35;+4.5 6.42 1.1400000000000001
Sagan Tosu - Nagoya Grampus,"Saturday, 17 Jul 2021, 10:00","Final result 3:1 (0:1, 3:0)",3.66 2.94 2.41,;-0.75 4.9399999999999995 1.21;-0.5 3.61 1.32;-0.25 3.05 1.43;0 2.45 1.6099999999999999;+0.25 1.8900000000000001 2.02;+0.5 1.63 2.4;+0.75 1.44 2.98;+1 1.25 4.32;+1.25 1.2 4.95,;+1.25 1.46 2.85;+1.5 1.6800000000000002 2.29;+1.75 1.8900000000000001 2.0;+2 2.25 1.69;+2.25 2.6399999999999997 1.53;+2.5 3.01 1.42;+3.5 6.78 1.13
Avispa Fukuoka - Gamba Osaka,"Saturday, 17 Jul 2021, 09:30","Final result 0:1 (0:0, 0:1)",3.23 3.33 2.3899999999999997,;-0.75 4.13 1.26;-0.5 3.19 1.3900000000000001;-0.25 2.75 1.5;0 2.2800000000000002 1.69;+0.25 1.8599999999999999 2.05;+0.5 1.6400000000000001 2.38;+0.75 1.45 2.96;+1 1.25 4.3;+1.25 1.2 4.9399999999999995,;+1.5 1.5 2.73;+1.75 1.63 2.37;+2 1.87 2.02;+2.25 2.19 1.73;+2.5 2.52 1.5699999999999998;+3.5 4.96 1.2
Shimizu S-Pulse - Kawasaki Frontale,"Saturday, 17 Jul 2021, 09:30","Final result 0:2 (0:1, 0:1)",6.34 4.5600000000000005 1.53,;0 4.970000000000001 1.2;+0.25 3.37 1.3599999999999999;+0.5 2.69 1.52;+0.75 2.3600000000000003 1.65;+1 2.04 1.88;+1.25 1.76 2.1799999999999997;+1.5 1.6 2.48;+1.75 1.43 2.98;+2 1.28 4.01,;+1.5 1.24 4.37;+2.25 1.55 2.58;+2.5 1.75 2.16;+2.75 1.94 1.94;+3 2.25 1.69;+3.25 2.56 1.56;+3.5 2.85 1.45;+4.5 5.26 1.18
Kashiwa Reysol - Kashima Antlers,"Sunday, 11 Jul 2021, 10:00","Final result 2:1 (0:0, 2:1)",4.12 3.81 1.9100000000000001,;-0.5 4.0600000000000005 1.27;-0.25 3.56 1.33;0 3.08 1.42;+0.25 2.35 1.6600000000000001;+0.5 2.0 1.9100000000000001;+0.75 1.75 2.1799999999999997;+1 1.52 2.71;+1.25 1.4 3.11;+1.5 1.33 3.52,;+1.5 1.32 3.57;+2 1.48 2.79;+2.25 1.7 2.24;+2.5 1.9300000000000002 1.95;+2.75 2.21 1.72;+3 2.75 1.49;+3.5 3.53 1.32;+4.5 7.57 1.11
Shonan Bellmare - FC Tokyo,"Sunday, 11 Jul 2021, 10:00","Final result 0:1 (0:0, 0:1)",4.4399999999999995 3.62 1.8900000000000001,;-0.5 4.38 1.24;-0.25 3.81 1.3;0 3.26 1.38;+0.25 2.4 1.63;+0.5 2.02 1.8900000000000001;+0.75 1.75 2.1799999999999997;+1 1.5 2.76;+1.25 1.38 3.21;+1.5 1.32 3.66,;+1.5 1.41 3.02;+1.75 1.52 2.67;+2 1.67 2.29;+2.25 1.96 1.9300000000000002;+2.5 2.23 1.71;+2.75 2.63 1.53;+3.5 4.25 1.24
Sanfrecce Hiroshima - Yokohama FC,"Sunday, 11 Jul 2021, 09:00","Final result 0:1 (0:1, 0:0)",1.4 4.92 8.83,;-2.25 3.64 1.32;-2 3.23 1.38;-1.75 2.5700000000000003 1.56;-1.5 2.2 1.74;-1.25 1.9300000000000002 1.98;-1 1.63 2.4;-0.75 1.49 2.81;-0.5 1.3900000000000001 3.2;-0.25 1.26 4.23,;+1.5 1.3 3.75;+2 1.43 2.9699999999999998;+2.25 1.6400000000000001 2.3600000000000003;+2.5 1.85 2.05;+2.75 2.1 1.79;+3 2.58 1.55;+3.5 3.35 1.35;+4.5 7.28 1.11
Tokushima - Shimizu S-Pulse,"Sunday, 11 Jul 2021, 09:00","Final result 2:2 (1:2, 1:0)",3.0 2.98 2.79,;-1 6.24 1.15;-0.75 3.87 1.29;-0.5 2.98 1.44;-0.25 2.5 1.5899999999999999;0 2.0300000000000002 1.88;+0.25 1.67 2.33;+0.5 1.5 2.7800000000000002;+0.75 1.33 3.55;+1 1.17 5.56,;+1.25 1.42 3.03;+1.5 1.63 2.37;+1.75 1.83 2.08;+2 2.15 1.76;+2.25 2.5300000000000002 1.56;+2.5 2.88 1.44;+3.5 5.67 1.16
Oita Trinita - Urawa Reds,"Saturday, 10 Jul 2021, 10:00","Final result 1:0 (1:0, 0:0)",4.609999999999999 3.42 1.9300000000000002,;-0.5 4.54 1.23;-0.25 3.92 1.28;0 3.31 1.37;+0.25 2.38 1.65;+0.5 1.98 1.9300000000000002;+0.75 1.71 2.25;+1 1.45 2.96;+1.25 1.34 3.47;+1.5 1.28 3.99,;+1.5 1.52 2.65;+1.75 1.67 2.31;+2 1.92 1.97;+2.25 2.25 1.7;+2.5 2.58 1.55;+3.5 4.9399999999999995 1.2
Vegalta Sendai - Hokkaido Consadole Sapporo,"Saturday, 10 Jul 2021, 10:00","Final result 1:1 (1:1, 0:0)",4.18 3.94 1.8599999999999999,;-0.5 4.12 1.26;-0.25 3.64 1.32;0 3.16 1.4;+0.25 2.41 1.63;+0.5 2.05 1.8599999999999999;+0.75 1.8 2.1100000000000003;+1 1.56 2.5700000000000003;+1.25 1.44 2.94;+1.5 1.3599999999999999 3.33,;+1.5 1.23 4.470000000000001;+2.25 1.5 2.7199999999999998;+2.5 1.6800000000000002 2.2800000000000002;+2.75 1.8599999999999999 2.0300000000000002;+3 2.15 1.76;+3.25 2.46 1.6;+3.5 2.75 1.48;+4.5 5.33 1.18
Yokohama F. Marinos - Avispa Fukuoka,"Saturday, 10 Jul 2021, 09:00","Final result 2:0 (2:0, 0:0)",1.47 4.76 7.13,;-2.25 3.85 1.29;-2 3.47 1.34;-1.75 2.77 1.5;-1.5 2.37 1.65;-1.25 2.0700000000000003 1.85;-1 1.76 2.17;-0.75 1.5699999999999998 2.5300000000000002;-0.5 1.45 2.88;-0.25 1.31 3.69,;+1.5 1.22 4.6;+2.5 1.63 2.3899999999999997;+2.75 1.79 2.1100000000000003;+3 2.06 1.8399999999999999;+3.25 2.3600000000000003 1.6400000000000001;+3.5 2.67 1.52;+4.5 5.09 1.19
Shimizu S-Pulse - Oita Trinita,"Sunday, 04 Jul 2021, 09:00","Final result 1:0 (0:0, 1:0)",1.9 3.49 4.6,;-1.5 3.98 1.28;-1.25 3.46 1.34;-1 2.94 1.45;-0.75 2.23 1.72;-0.5 1.9 2.0;-0.25 1.63 2.4;0 1.37 3.33;+0.25 1.28 3.93;+0.5 1.23 4.529999999999999,;+1.5 1.47 2.84;+1.75 1.5899999999999999 2.4699999999999998;+2 1.8 2.1100000000000003;+2.25 2.1100000000000003 1.79;+2.5 2.4299999999999997 1.6099999999999999;+2.75 2.8899999999999997 1.45;+3.5 4.73 1.21
Hokkaido Consadole Sapporo - Tokushima,"Sunday, 04 Jul 2021, 04:05","Final result 1:0 (0:0, 1:0)",1.83 3.76 4.63,;-1.75 4.470000000000001 1.24;-1.5 3.44 1.35;-1.25 3.03 1.43;-1 2.59 1.56;-0.75 2.09 1.83;-0.5 1.81 2.09;-0.25 1.58 2.51;0 1.35 3.43;+0.25 1.28 4.0;+0.5 1.23 4.49,;+1.5 1.37 3.22;+1.75 1.47 2.84;+2 1.6099999999999999 2.42;+2.25 1.9 1.99;+2.5 2.17 1.74;+2.75 2.52 1.5699999999999998;+3.5 3.88 1.28;+4.5 7.95 1.1
Kashiwa Reysol - Yokohama F. Marinos,"Saturday, 03 Jul 2021, 10:00","Final result 1:2 (0:0, 1:2)",5.26 4.66 1.6,;0 4.15 1.26;+0.25 3.03 1.42;+0.5 2.5 1.5899999999999999;+0.75 2.2 1.74;+1 1.9 2.01;+1.25 1.67 2.3200000000000003;+1.5 1.54 2.6399999999999997;+1.75 1.3900000000000001 3.19;+2 1.25 4.35,;+1.5 1.16 5.77;+2.5 1.51 2.6799999999999997;+2.75 1.62 2.4;+3 1.79 2.1;+3.25 2.06 1.83;+3.5 2.31 1.6600000000000001;+3.75 2.69 1.51;+4.5 4.09 1.26;+5.5 7.67 1.11
Sanfrecce Hiroshima - Sagan Tosu,"Saturday, 03 Jul 2021, 10:00","Final result 1:1 (0:0, 1:1)",1.99 3.53 4.12,;-1.5 3.98 1.28;-1.25 3.5 1.34;-1 3.02 1.43;-0.75 2.3200000000000003 1.67;-0.5 1.99 1.92;-0.25 1.71 2.25;0 1.44 3.0;+0.25 1.33 3.53;+0.5 1.27 4.0600000000000005,;+1.5 1.4 3.09;+1.75 1.5 2.73;+2 1.65 2.35;+2.25 1.9300000000000002 1.96;+2.5 2.19 1.74;+2.75 2.5700000000000003 1.55;+3.5 4.1 1.26
Vegalta Sendai - Urawa Reds,"Saturday, 03 Jul 2021, 10:00","Final result 0:0 (0:0, 0:0)",3.87 3.75 1.99,;-0.5 3.82 1.3;-0.25 3.34 1.3599999999999999;0 2.87 1.47;+0.25 2.23 1.72;+0.5 1.92 1.99;+0.75 1.67 2.3200000000000003;+1 1.43 3.03;+1.25 1.34 3.51;+1.5 1.28 4.0,;+1.5 1.31 3.67;+2 1.46 2.8600000000000003;+2.25 1.6800000000000002 2.27;+2.5 1.92 1.97;+2.75 2.16 1.76;+3 2.59 1.54;+3.5 3.25 1.37;+4.5 6.4 1.1400000000000001
Vissel Kobe - Shonan Bellmare,"Saturday, 03 Jul 2021, 09:00","Final result 3:1 (2:1, 1:0)",1.71 4.05 5.05,;-1.75 4.01 1.28;-1.5 3.14 1.4;-1.25 2.74 1.51;-1 2.33 1.67;-0.75 1.9300000000000002 1.98;-0.5 1.7 2.27;-0.25 1.5 2.76;0 1.29 3.83;+0.25 1.24 4.4,;+1.5 1.3 3.68;+2 1.47 2.84;+2.25 1.7 2.24;+2.5 1.94 1.94;+2.75 2.2 1.72;+3 2.6799999999999997 1.52;+3.5 3.38 1.35;+4.5 6.83 1.12
FC Tokyo - Oita Trinita,"Sunday, 27 Jun 2021, 10:00","Final result 3:0 (2:0, 1:0)",1.7 3.66 5.88,;-1.75 4.59 1.23;-1.5 3.5 1.34;-1.25 3.0 1.44;-1 2.48 1.6;-0.75 1.96 1.94;-0.5 1.69 2.2800000000000002;-0.25 1.47 2.85;0 1.25 4.3100000000000005;+0.25 1.2 5.04,;+1.5 1.53 2.63;+1.75 1.67 2.3;+2 1.9300000000000002 1.96;+2.25 2.25 1.69;+2.5 2.59 1.55;+3.5 5.11 1.19
Shonan Bellmare - Kashiwa Reysol,"Sunday, 27 Jun 2021, 10:00","Final result 2:4 (1:0, 1:4)",2.7 3.17 2.9299999999999997,;-1 4.99 1.2;-0.75 3.37 1.3599999999999999;-0.5 2.69 1.52;-0.25 2.2800000000000002 1.69;0 1.88 2.04;+0.25 1.6 2.4699999999999998;+0.5 1.46 2.91;+0.75 1.31 3.71;+1 1.17 5.69,;+1.5 1.48 2.8;+1.75 1.6099999999999999 2.4299999999999997;+2 1.8399999999999999 2.06;+2.25 2.1799999999999997 1.74;+2.5 2.51 1.5699999999999998;+3.5 4.66 1.21
Urawa Reds - Avispa Fukuoka,"Sunday, 27 Jun 2021, 10:00","Final result 2:0 (1:0, 1:0)",1.9 3.62 4.42,;-1.5 3.82 1.3;-1.25 3.33 1.3599999999999999;-1 2.85 1.47;-0.75 2.21 1.74;-0.5 1.9 2.01;-0.25 1.6400000000000001 2.3899999999999997;0 1.3900000000000001 3.24;+0.25 1.3 3.79;+0.5 1.25 4.35,;+1.5 1.38 3.19;+1.75 1.47 2.81;+2 1.62 2.4;+2.25 1.92 1.97;+2.5 2.19 1.74;+2.75 2.56 1.56;+3.5 4.0600000000000005 1.26
Kashima Antlers - Hokkaido Consadole Sapporo,"Sunday, 27 Jun 2021, 09:30","Final result 4:0 (1:0, 3:0)",1.85 4.140000000000001 4.02,;-1.5 3.33 1.3599999999999999;-1.25 2.94 1.44;-1 2.56 1.56;-0.75 2.1 1.81;-0.5 1.85 2.06;-0.25 1.63 2.4;0 1.42 3.09;+0.25 1.33 3.52;+0.5 1.28 3.97,;+1.5 1.21 4.7;+2.25 1.47 2.81;+2.5 1.6400000000000001 2.3600000000000003;+2.75 1.8 2.09;+3 2.08 1.8199999999999998;+3.25 2.3899999999999997 1.63;+3.5 2.69 1.51;+4.5 5.08 1.19
Tokushima - Yokohama F. Marinos,"Sunday, 27 Jun 2021, 09:00","Final result 0:1 (0:1, 0:0)",4.8100000000000005 4.08 1.73,;-0.25 4.2 1.26;0 3.65 1.32;+0.25 2.69 1.52;+0.5 2.23 1.72;+0.75 1.9300000000000002 1.98;+1 1.62 2.44;+1.25 1.46 2.8899999999999997;+1.5 1.3599999999999999 3.32;+1.75 1.25 4.26,;+1.5 1.28 3.9;+2 1.43 3.0;+2.25 1.6600000000000001 2.3200000000000003;+2.5 1.8900000000000001 2.0;+2.75 2.12 1.78;+3 2.5300000000000002 1.56;+3.25 2.76 1.49;+3.5 3.17 1.38;+4.5 5.88 1.15
Yokohama FC - Shimizu S-Pulse,"Sunday, 27 Jun 2021, 09:00","Final result 1:1 (1:0, 0:1)",4.52 3.65 1.87,;-0.5 4.45 1.24;-0.25 3.89 1.29;0 3.33 1.37;+0.25 2.44 1.62;+0.5 2.04 1.87;+0.75 1.76 2.16;+1 1.5 2.76;+1.25 1.38 3.22;+1.5 1.31 3.69,;+1.5 1.38 3.18;+1.75 1.48 2.8;+2 1.63 2.38;+2.25 1.9300000000000002 1.96;+2.5 2.2 1.72;+2.75 2.54 1.56;+3.5 3.84 1.28;+4.5 7.81 1.1
Kashiwa Reysol - Urawa Reds,"Wednesday, 23 Jun 2021, 10:00","Final result 0:2 (0:0, 0:2)",2.73 3.39 2.73,;-1 4.88 1.21;-0.75 3.37 1.3599999999999999;-0.5 2.7199999999999998 1.51;-0.25 2.33 1.67;0 1.95 1.95;+0.25 1.67 2.33;+0.5 1.51 2.7199999999999998;+0.75 1.35 3.43;+1 1.19 5.19,;+1.5 1.3599999999999999 3.3;+1.75 1.44 2.9299999999999997;+2 1.5699999999999998 2.5300000000000002;+2.25 1.83 2.0700000000000003;+2.5 2.0700000000000003 1.81;+2.75 2.41 1.62;+3.5 3.83 1.29
Oita Trinita - Kashima Antlers,"Wednesday, 23 Jun 2021, 10:00","Final result 0:0 (0:0, 0:0)",5.05 3.63 1.8,;-0.25 4.33 1.25;0 3.69 1.31;+0.25 2.6 1.55;+0.5 2.13 1.79;+0.75 1.87 2.05;+1 1.5899999999999999 2.5;+1.25 1.46 2.91;+1.5 1.37 3.31;+1.75 1.25 4.25,;+1.5 1.37 3.25;+1.75 1.47 2.85;+2 1.6099999999999999 2.42;+2.25 1.92 1.97;+2.5 2.2 1.72;+2.75 2.54 1.56;+3.5 3.81 1.29;+4.5 7.57 1.11
Tokushima - FC Tokyo,"Wednesday, 23 Jun 2021, 10:00","Final result 0:1 (0:1, 0:0)",2.69 3.08 3.02,;-1 5.23 1.19;-0.75 3.4 1.35;-0.5 2.6799999999999997 1.52;-0.25 2.26 1.7;0 1.85 2.0700000000000003;+0.25 1.5699999999999998 2.5300000000000002;+0.5 1.44 3.0;+0.75 1.29 3.88;+1 1.15 6.17,;+1.5 1.56 2.5300000000000002;+1.75 1.72 2.21;+2 2.0 1.8900000000000001;+2.25 2.33 1.65;+2.5 2.67 1.52;+3.5 5.1 1.19
Vegalta Sendai - Shimizu S-Pulse,"Wednesday, 23 Jun 2021, 10:00","Final result 2:3 (1:1, 1:2)",2.99 3.28 2.5700000000000003,;-1 5.76 1.17;-0.75 3.78 1.3;-0.5 2.98 1.44;-0.25 2.54 1.5699999999999998;0 2.1100000000000003 1.81;+0.25 1.75 2.19;+0.5 1.56 2.56;+0.75 1.3900000000000001 3.17;+1 1.23 4.58,;+1.5 1.43 2.9299999999999997;+1.75 1.55 2.58;+2 1.72 2.2;+2.25 2.0300000000000002 1.8599999999999999;+2.5 2.3200000000000003 1.6600000000000001;+2.75 2.71 1.5;+3.5 4.16 1.25
Yokohama F. Marinos - Sagan Tosu,"Wednesday, 23 Jun 2021, 10:00","Final result 2:0 (0:0, 2:0)",1.72 4.23 4.7,;-1.75 3.76 1.3;-1.5 3.03 1.42;-1.25 2.67 1.53;-1 2.29 1.6800000000000002;-0.75 1.9300000000000002 1.98;-0.5 1.71 2.25;-0.25 1.52 2.7;0 1.32 3.61;+0.25 1.26 4.12,;+1.5 1.21 4.67;+2.25 1.49 2.75;+2.5 1.6800000000000002 2.2800000000000002;+2.75 1.85 2.04;+3 2.13 1.78;+3.25 2.4299999999999997 1.6099999999999999;+3.5 2.7199999999999998 1.49;+4.5 4.96 1.2
Vissel Kobe - Yokohama FC,"Wednesday, 23 Jun 2021, 09:00","Final result 5:0 (3:0, 2:0)",1.43 4.970000000000001 7.66,;-2.25 4.109999999999999 1.27;-2 3.6 1.32;-1.75 2.7 1.52;-1.5 2.25 1.71;-1.25 1.97 1.9300000000000002;-1 1.6800000000000002 2.3;-0.75 1.52 2.69;-0.5 1.42 3.05;-0.25 1.28 3.94,;+1.5 1.25 4.220000000000001;+2.25 1.6 2.45;+2.5 1.8199999999999998 2.0700000000000003;+2.75 2.04 1.85;+3 2.3899999999999997 1.63;+3.25 2.71 1.5;+3.5 3.01 1.41;+4.5 5.84 1.15
Urawa Reds - Shonan Bellmare,"Sunday, 20 Jun 2021, 10:00",Shonan Bellmare awarded,2.2199999999999998 3.17 3.8,;-1.25 4.52 1.23;-1 3.88 1.29;-0.75 2.7199999999999998 1.51;-0.5 2.21 1.73;-0.25 1.88 2.0300000000000002;0 1.54 2.6399999999999997;+0.25 1.3900000000000001 3.21;+0.5 1.3 3.75;+0.75 1.2 5.01,;+1.5 1.54 2.6100000000000003;+1.75 1.6800000000000002 2.2800000000000002;+2 1.9300000000000002 1.96;+2.25 2.24 1.7;+2.5 2.56 1.56;+3.5 5.05 1.19
Kashima Antlers - Vegalta Sendai,"Sunday, 20 Jun 2021, 08:00","Final result 1:1 (0:0, 1:1)",1.41 5.22 7.52,;-2.25 3.65 1.32;-2 3.24 1.38;-1.75 2.56 1.56;-1.5 2.19 1.75;-1.25 1.9300000000000002 1.98;-1 1.65 2.37;-0.75 1.5 2.76;-0.5 1.4 3.12;-0.25 1.28 4.0,;+1.5 1.2 4.87;+2.25 1.48 2.81;+2.5 1.6099999999999999 2.42;+2.75 1.77 2.1399999999999997;+3 2.0300000000000002 1.8599999999999999;+3.25 2.33 1.65;+3.5 2.63 1.53;+4.5 4.9399999999999995 1.2
Sanfrecce Hiroshima - Kashiwa Reysol,"Saturday, 19 Jun 2021, 10:00","Final result 1:0 (0:0, 1:0)",1.8 3.86 4.640000000000001,;-1.75 4.76 1.22;-1.5 3.58 1.33;-1.25 3.12 1.41;-1 2.63 1.54;-0.75 2.08 1.8399999999999999;-0.5 1.79 2.12;-0.25 1.5699999999999998 2.55;0 1.34 3.47;+0.25 1.27 4.02;+0.5 1.24 4.43,;+1.5 1.3599999999999999 3.29;+1.75 1.45 2.9;+2 1.58 2.48;+2.25 1.87 2.0300000000000002;+2.5 2.13 1.78;+2.75 2.51 1.5699999999999998;+3.5 4.109999999999999 1.26
Yokohama FC - FC Tokyo,"Saturday, 19 Jun 2021, 09:00","Final result 0:1 (0:1, 0:0)",5.32 4.01 1.6800000000000002,;-0.25 4.63 1.22;0 4.02 1.27;+0.25 2.84 1.48;+0.5 2.31 1.6800000000000002;+0.75 2.0 1.9;+1 1.6800000000000002 2.31;+1.25 1.51 2.74;+1.5 1.4 3.15;+1.75 1.27 4.0600000000000005,;+1.5 1.3900000000000001 3.15;+1.75 1.49 2.77;+2 1.6400000000000001 2.3600000000000003;+2.25 1.9300000000000002 1.95;+2.5 2.21 1.72;+2.75 2.59 1.55;+3.5 4.08 1.26
Hokkaido Consadole Sapporo - Oita Trinita,"Saturday, 19 Jun 2021, 05:00","Final result 2:0 (2:0, 0:0)",1.65 4.04 5.64,;-1.75 3.75 1.3;-1.5 2.95 1.44;-1.25 2.58 1.56;-1 2.19 1.75;-0.75 1.85 2.0700000000000003;-0.5 1.6400000000000001 2.38;-0.25 1.45 2.95;0 1.25 4.27;+0.25 1.21 4.91,;+1.5 1.3599999999999999 3.31;+1.75 1.45 2.91;+2 1.58 2.49;+2.25 1.87 2.0300000000000002;+2.5 2.13 1.78;+2.75 2.46 1.6;+3.5 3.77 1.29;+4.5 7.77 1.1
Avispa Fukuoka - Vissel Kobe,"Saturday, 19 Jun 2021, 04:00","Final result 1:2 (1:1, 0:1)",3.64 3.34 2.2,;-0.75 4.73 1.22;-0.5 3.6 1.32;-0.25 3.11 1.41;0 2.59 1.56;+0.25 2.0300000000000002 1.88;+0.5 1.75 2.19;+0.75 1.54 2.6399999999999997;+1 1.32 3.59;+1.25 1.26 4.140000000000001,;+1.5 1.41 3.02;+1.75 1.52 2.65;+2 1.69 2.26;+2.25 2.0 1.8900000000000001;+2.5 2.2800000000000002 1.6800000000000002;+2.75 2.69 1.51;+3.5 4.27 1.24
Shonan Bellmare - Gamba Osaka,"Wednesday, 02 Jun 2021, 10:00","Final result 0:0 (0:0, 0:0)",2.5 3.31 3.07,;-1.25 5.02 1.2;-1 4.42 1.24;-0.75 3.09 1.42;-0.5 2.49 1.6;-0.25 2.1399999999999997 1.8;0 1.76 2.17;+0.25 1.55 2.6100000000000003;+0.5 1.42 3.04;+0.75 1.29 3.92;+1 1.16 5.95,;+1.5 1.43 2.9299999999999997;+1.75 1.55 2.59;+2 1.72 2.21;+2.25 2.02 1.87;+2.5 2.3 1.67;+2.75 2.76 1.49;+3.5 4.57 1.22
Yokohama FC - Kawasaki Frontale,"Wednesday, 02 Jun 2021, 10:00","Final result 0:2 (0:1, 0:1)",11.06 5.99 1.29,;+0.5 3.95 1.28;+0.75 3.5 1.34;+1 3.06 1.42;+1.25 2.38 1.65;+1.5 2.04 1.87;+1.75 1.81 2.1;+2 1.5899999999999999 2.5;+2.25 1.47 2.8200000000000003;+2.5 1.3900000000000001 3.16,;+1.5 1.19 4.970000000000001;+2.5 1.6099999999999999 2.4299999999999997;+2.75 1.75 2.16;+3 2.0 1.8900000000000001;+3.25 2.2800000000000002 1.6800000000000002;+3.5 2.5700000000000003 1.55;+4.5 4.63 1.22
Kawasaki Frontale - Kashima Antlers,"Sunday, 30 May 2021, 10:00","Final result 2:1 (1:0, 1:1)",1.65 4.2 5.39,;-1.75 3.57 1.33;-1.5 2.88 1.46;-1.25 2.52 1.58;-1 2.15 1.77;-0.75 1.83 2.09;-0.5 1.6400000000000001 2.3899999999999997;-0.25 1.45 2.9299999999999997;0 1.26 4.140000000000001;+0.25 1.22 4.720000000000001,;+1.5 1.24 4.359999999999999;+2.25 1.54 2.6;+2.5 1.74 2.19;+2.75 1.9300000000000002 1.96;+3 2.23 1.71;+3.25 2.54 1.56;+3.5 2.83 1.46;+4.5 5.39 1.17
Urawa Reds - Nagoya Grampus,"Sunday, 30 May 2021, 09:00","Final result 0:0 (0:0, 0:0)",3.01 3.15 2.65,;-1 6.29 1.15;-0.75 3.88 1.29;-0.5 2.99 1.44;-0.25 2.54 1.5699999999999998;0 2.09 1.83;+0.25 1.72 2.23;+0.5 1.54 2.63;+0.75 1.37 3.31;+1 1.2 4.96,;+1.5 1.54 2.6;+1.75 1.69 2.26;+2 1.96 1.9300000000000002;+2.25 2.3 1.67;+2.5 2.6399999999999997 1.53;+3.5 5.43 1.17
Gamba Osaka - Yokohama FC,"Sunday, 30 May 2021, 08:00","Final result 2:0 (1:0, 1:0)",2.01 3.59 3.96,;-1.5 4.18 1.26;-1.25 3.66 1.32;-1 3.15 1.4;-0.75 2.37 1.65;-0.5 2.01 1.9;-0.25 1.73 2.21;0 1.46 2.8899999999999997;+0.25 1.35 3.39;+0.5 1.29 3.9,;+1.5 1.38 3.19;+1.75 1.47 2.83;+2 1.6099999999999999 2.44;+2.25 1.88 2.01;+2.5 2.13 1.77;+2.75 2.49 1.58;+3.5 3.97 1.27
Tokushima - Shonan Bellmare,"Sunday, 30 May 2021, 06:00","Final result 1:1 (1:1, 0:0)",2.31 2.99 3.83,;-1.25 5.03 1.2;-1 4.32 1.25;-0.75 2.88 1.47;-0.5 2.3 1.6800000000000002;-0.25 1.9300000000000002 1.97;0 1.56 2.59;+0.25 1.4 3.2;+0.5 1.3 3.78;+0.75 1.19 5.15,;+1.25 1.45 2.9;+1.5 1.6800000000000002 2.2800000000000002;+1.75 1.9 1.99;+2 2.2800000000000002 1.6800000000000002;+2.25 2.6799999999999997 1.51;+2.5 3.06 1.4;+3.5 6.58 1.13
Vegalta Sendai - Cerezo Osaka,"Sunday, 30 May 2021, 06:00","Final result 1:1 (0:0, 1:1)",3.66 3.58 2.1,;-0.75 4.7 1.22;-0.5 3.61 1.32;-0.25 3.14 1.4;0 2.67 1.53;+0.25 2.1 1.81;+0.5 1.8199999999999998 2.1;+0.75 1.6 2.48;+1 1.38 3.28;+1.25 1.3 3.75;+1.5 1.25 4.24,;+1.5 1.32 3.53;+2 1.52 2.67;+2.25 1.77 2.13;+2.5 2.04 1.85;+2.75 2.33 1.65;+3 2.87 1.46;+3.5 3.59 1.32;+4.5 7.33 1.12
